cohort	unit	setting	neighbors	high_fraction	covariates	permutation_stratified	excess_over_null
Wu discovery	1142243F	neighbors_k4	4	0.25	macrophage_identity;hypoxia;log1p_umi	True	0.17017103216119062
Wu discovery	1142243F	neighbors_k6	6	0.25	macrophage_identity;hypoxia;log1p_umi	True	0.16399858141338153
Wu discovery	1142243F	neighbors_k8	8	0.25	macrophage_identity;hypoxia;log1p_umi	True	0.1646861904974016
Wu discovery	1142243F	neighbors_k12	12	0.25	macrophage_identity;hypoxia;log1p_umi	True	0.14661089876731245
Wu discovery	1142243F	high_fraction_0.20	6	0.2	macrophage_identity;hypoxia;log1p_umi	True	0.16378002883221587
Wu discovery	1142243F	high_fraction_0.25	6	0.25	macrophage_identity;hypoxia;log1p_umi	True	0.16399858141338153
Wu discovery	1142243F	high_fraction_0.33	6	0.33	macrophage_identity;hypoxia;log1p_umi	True	0.1635000930154423
Wu discovery	1142243F	residual_macrophage_depth	6	0.25	macrophage_identity;log1p_umi	True	0.15203037979228162
Wu discovery	1142243F	residual_depth_only	6	0.25	log1p_umi	True	0.3441204488129785
Wu discovery	1142243F	residual_plus_fibroblast	6	0.25	macrophage_identity;hypoxia;log1p_umi;fibroblast_ecm	True	0.04613752179920395
Wu discovery	1142243F	unstratified_permutation	6	0.25	macrophage_identity;hypoxia;log1p_umi	False	0.17086645872986425
Wu discovery	1160920F	neighbors_k4	4	0.25	macrophage_identity;hypoxia;log1p_umi	True	0.0469694164384003
Wu discovery	1160920F	neighbors_k6	6	0.25	macrophage_identity;hypoxia;log1p_umi	True	0.044944898585974884
Wu discovery	1160920F	neighbors_k8	8	0.25	macrophage_identity;hypoxia;log1p_umi	True	0.042936456352965634
Wu discovery	1160920F	neighbors_k12	12	0.25	macrophage_identity;hypoxia;log1p_umi	True	0.04300018589588186
Wu discovery	1160920F	high_fraction_0.20	6	0.2	macrophage_identity;hypoxia;log1p_umi	True	0.06859299151438839
Wu discovery	1160920F	high_fraction_0.25	6	0.25	macrophage_identity;hypoxia;log1p_umi	True	0.044944898585974884
Wu discovery	1160920F	high_fraction_0.33	6	0.33	macrophage_identity;hypoxia;log1p_umi	True	0.04059433513086552
Wu discovery	1160920F	residual_macrophage_depth	6	0.25	macrophage_identity;log1p_umi	True	0.030572274698017137
Wu discovery	1160920F	residual_depth_only	6	0.25	log1p_umi	True	0.11021699309200775
Wu discovery	1160920F	residual_plus_fibroblast	6	0.25	macrophage_identity;hypoxia;log1p_umi;fibroblast_ecm	True	0.007691983005282309
Wu discovery	1160920F	unstratified_permutation	6	0.25	macrophage_identity;hypoxia;log1p_umi	False	0.015522355565113657
Wu discovery	CID4290	neighbors_k4	4	0.25	macrophage_identity;hypoxia;log1p_umi	True	0.15688979774862302
Wu discovery	CID4290	neighbors_k6	6	0.25	macrophage_identity;hypoxia;log1p_umi	True	0.14847689599501263
Wu discovery	CID4290	neighbors_k8	8	0.25	macrophage_identity;hypoxia;log1p_umi	True	0.14148626820640223
Wu discovery	CID4290	neighbors_k12	12	0.25	macrophage_identity;hypoxia;log1p_umi	True	0.123216520721007
Wu discovery	CID4290	high_fraction_0.20	6	0.2	macrophage_identity;hypoxia;log1p_umi	True	0.151952249392378
Wu discovery	CID4290	high_fraction_0.25	6	0.25	macrophage_identity;hypoxia;log1p_umi	True	0.14847689599501263
Wu discovery	CID4290	high_fraction_0.33	6	0.33	macrophage_identity;hypoxia;log1p_umi	True	0.14526718562463128
Wu discovery	CID4290	residual_macrophage_depth	6	0.25	macrophage_identity;log1p_umi	True	0.149571160952834
Wu discovery	CID4290	residual_depth_only	6	0.25	log1p_umi	True	0.25521783344612076
Wu discovery	CID4290	residual_plus_fibroblast	6	0.25	macrophage_identity;hypoxia;log1p_umi;fibroblast_ecm	True	0.03733879824863668
Wu discovery	CID4290	unstratified_permutation	6	0.25	macrophage_identity;hypoxia;log1p_umi	False	0.13310219679020452
Wu discovery	CID4465	neighbors_k4	4	0.25	macrophage_identity;hypoxia;log1p_umi	True	0.000874648602527681
Wu discovery	CID4465	neighbors_k6	6	0.25	macrophage_identity;hypoxia;log1p_umi	True	-0.004925201581781016
Wu discovery	CID4465	neighbors_k8	8	0.25	macrophage_identity;hypoxia;log1p_umi	True	-0.013287103515964833
Wu discovery	CID4465	neighbors_k12	12	0.25	macrophage_identity;hypoxia;log1p_umi	True	-0.022463118704053382
Wu discovery	CID4465	high_fraction_0.20	6	0.2	macrophage_identity;hypoxia;log1p_umi	True	-0.038716751838301575
Wu discovery	CID4465	high_fraction_0.25	6	0.25	macrophage_identity;hypoxia;log1p_umi	True	-0.004925201581781016
Wu discovery	CID4465	high_fraction_0.33	6	0.33	macrophage_identity;hypoxia;log1p_umi	True	-0.037398220694177184
Wu discovery	CID4465	residual_macrophage_depth	6	0.25	macrophage_identity;log1p_umi	True	-0.06295774687669659
Wu discovery	CID4465	residual_depth_only	6	0.25	log1p_umi	True	0.012079813202977008
Wu discovery	CID4465	residual_plus_fibroblast	6	0.25	macrophage_identity;hypoxia;log1p_umi;fibroblast_ecm	True	-0.05338194543825789
Wu discovery	CID4465	unstratified_permutation	6	0.25	macrophage_identity;hypoxia;log1p_umi	False	-0.020177991687495525
Wu discovery	CID44971	neighbors_k4	4	0.25	macrophage_identity;hypoxia;log1p_umi	True	0.020735129436116995
Wu discovery	CID44971	neighbors_k6	6	0.25	macrophage_identity;hypoxia;log1p_umi	True	0.02104828387527008
Wu discovery	CID44971	neighbors_k8	8	0.25	macrophage_identity;hypoxia;log1p_umi	True	0.019594978894292736
Wu discovery	CID44971	neighbors_k12	12	0.25	macrophage_identity;hypoxia;log1p_umi	True	0.017005982870379133
Wu discovery	CID44971	high_fraction_0.20	6	0.2	macrophage_identity;hypoxia;log1p_umi	True	0.021037422569243514
Wu discovery	CID44971	high_fraction_0.25	6	0.25	macrophage_identity;hypoxia;log1p_umi	True	0.02104828387527008
Wu discovery	CID44971	high_fraction_0.33	6	0.33	macrophage_identity;hypoxia;log1p_umi	True	0.025655053468227385
Wu discovery	CID44971	residual_macrophage_depth	6	0.25	macrophage_identity;log1p_umi	True	-0.03416246025351821
Wu discovery	CID44971	residual_depth_only	6	0.25	log1p_umi	True	0.041856648353498116
Wu discovery	CID44971	residual_plus_fibroblast	6	0.25	macrophage_identity;hypoxia;log1p_umi;fibroblast_ecm	True	-0.11487353114511487
Wu discovery	CID44971	unstratified_permutation	6	0.25	macrophage_identity;hypoxia;log1p_umi	False	0.27759608289006976
Wu discovery	CID4535	neighbors_k4	4	0.25	macrophage_identity;hypoxia;log1p_umi	True	0.3717485653845438
Wu discovery	CID4535	neighbors_k6	6	0.25	macrophage_identity;hypoxia;log1p_umi	True	0.3699618160066982
Wu discovery	CID4535	neighbors_k8	8	0.25	macrophage_identity;hypoxia;log1p_umi	True	0.3524326269071279
Wu discovery	CID4535	neighbors_k12	12	0.25	macrophage_identity;hypoxia;log1p_umi	True	0.3367985826604995
Wu discovery	CID4535	high_fraction_0.20	6	0.2	macrophage_identity;hypoxia;log1p_umi	True	0.3908370167683703
Wu discovery	CID4535	high_fraction_0.25	6	0.25	macrophage_identity;hypoxia;log1p_umi	True	0.3699618160066982
Wu discovery	CID4535	high_fraction_0.33	6	0.33	macrophage_identity;hypoxia;log1p_umi	True	0.3327616940076248
Wu discovery	CID4535	residual_macrophage_depth	6	0.25	macrophage_identity;log1p_umi	True	0.3779478542154536
Wu discovery	CID4535	residual_depth_only	6	0.25	log1p_umi	True	0.6891492693643223
Wu discovery	CID4535	residual_plus_fibroblast	6	0.25	macrophage_identity;hypoxia;log1p_umi;fibroblast_ecm	True	0.2188473882162021
Wu discovery	CID4535	unstratified_permutation	6	0.25	macrophage_identity;hypoxia;log1p_umi	False	0.49853421975588647
Figshare validation	P1	neighbors_k4	4	0.25	macrophage_identity;hypoxia;log1p_umi	True	0.09614329094000255
Figshare validation	P1	neighbors_k6	6	0.25	macrophage_identity;hypoxia;log1p_umi	True	0.09880390405334664
Figshare validation	P1	neighbors_k8	8	0.25	macrophage_identity;hypoxia;log1p_umi	True	0.09326451151285836
Figshare validation	P1	neighbors_k12	12	0.25	macrophage_identity;hypoxia;log1p_umi	True	0.09321944603779432
Figshare validation	P1	high_fraction_0.20	6	0.2	macrophage_identity;hypoxia;log1p_umi	True	0.08028688816676326
Figshare validation	P1	high_fraction_0.25	6	0.25	macrophage_identity;hypoxia;log1p_umi	True	0.09880390405334664
Figshare validation	P1	high_fraction_0.33	6	0.33	macrophage_identity;hypoxia;log1p_umi	True	0.09849136406371232
Figshare validation	P1	residual_macrophage_depth	6	0.25	macrophage_identity;log1p_umi	True	0.10005059121126368
Figshare validation	P1	residual_depth_only	6	0.25	log1p_umi	True	0.14176874568932427
Figshare validation	P1	residual_plus_fibroblast	6	0.25	macrophage_identity;hypoxia;log1p_umi;fibroblast_ecm	True	0.0038626878102892975
Figshare validation	P1	unstratified_permutation	6	0.25	macrophage_identity;hypoxia;log1p_umi	False	0.10689374348040769
Figshare validation	P2	neighbors_k4	4	0.25	macrophage_identity;hypoxia;log1p_umi	True	0.19480754984912596
Figshare validation	P2	neighbors_k6	6	0.25	macrophage_identity;hypoxia;log1p_umi	True	0.19819761633424265
Figshare validation	P2	neighbors_k8	8	0.25	macrophage_identity;hypoxia;log1p_umi	True	0.18549386332906528
Figshare validation	P2	neighbors_k12	12	0.25	macrophage_identity;hypoxia;log1p_umi	True	0.1669729988507489
Figshare validation	P2	high_fraction_0.20	6	0.2	macrophage_identity;hypoxia;log1p_umi	True	0.21726615033988927
Figshare validation	P2	high_fraction_0.25	6	0.25	macrophage_identity;hypoxia;log1p_umi	True	0.19819761633424265
Figshare validation	P2	high_fraction_0.33	6	0.33	macrophage_identity;hypoxia;log1p_umi	True	0.19500028788470367
Figshare validation	P2	residual_macrophage_depth	6	0.25	macrophage_identity;log1p_umi	True	0.20277495079120655
Figshare validation	P2	residual_depth_only	6	0.25	log1p_umi	True	0.28418169510909236
Figshare validation	P2	residual_plus_fibroblast	6	0.25	macrophage_identity;hypoxia;log1p_umi;fibroblast_ecm	True	0.11698328975810379
Figshare validation	P2	unstratified_permutation	6	0.25	macrophage_identity;hypoxia;log1p_umi	False	0.3419693428057715
Figshare validation	P3	neighbors_k4	4	0.25	macrophage_identity;hypoxia;log1p_umi	True	0.13675740536195635
Figshare validation	P3	neighbors_k6	6	0.25	macrophage_identity;hypoxia;log1p_umi	True	0.11774169753537904
Figshare validation	P3	neighbors_k8	8	0.25	macrophage_identity;hypoxia;log1p_umi	True	0.10618768088870041
Figshare validation	P3	neighbors_k12	12	0.25	macrophage_identity;hypoxia;log1p_umi	True	0.09356672933571475
Figshare validation	P3	high_fraction_0.20	6	0.2	macrophage_identity;hypoxia;log1p_umi	True	0.10868000633487958
Figshare validation	P3	high_fraction_0.25	6	0.25	macrophage_identity;hypoxia;log1p_umi	True	0.11774169753537904
Figshare validation	P3	high_fraction_0.33	6	0.33	macrophage_identity;hypoxia;log1p_umi	True	0.13625816461834808
Figshare validation	P3	residual_macrophage_depth	6	0.25	macrophage_identity;log1p_umi	True	0.16391278438417028
Figshare validation	P3	residual_depth_only	6	0.25	log1p_umi	True	0.2994652861095445
Figshare validation	P3	residual_plus_fibroblast	6	0.25	macrophage_identity;hypoxia;log1p_umi;fibroblast_ecm	True	-0.0683108736984396
Figshare validation	P3	unstratified_permutation	6	0.25	macrophage_identity;hypoxia;log1p_umi	False	0.1621162776303964
Figshare validation	P4	neighbors_k4	4	0.25	macrophage_identity;hypoxia;log1p_umi	True	0.14403291222420708
Figshare validation	P4	neighbors_k6	6	0.25	macrophage_identity;hypoxia;log1p_umi	True	0.14884968120518965
Figshare validation	P4	neighbors_k8	8	0.25	macrophage_identity;hypoxia;log1p_umi	True	0.14315154221920567
Figshare validation	P4	neighbors_k12	12	0.25	macrophage_identity;hypoxia;log1p_umi	True	0.148735687837246
Figshare validation	P4	high_fraction_0.20	6	0.2	macrophage_identity;hypoxia;log1p_umi	True	0.1074114629592917
Figshare validation	P4	high_fraction_0.25	6	0.25	macrophage_identity;hypoxia;log1p_umi	True	0.14884968120518965
Figshare validation	P4	high_fraction_0.33	6	0.33	macrophage_identity;hypoxia;log1p_umi	True	0.12116525380967491
Figshare validation	P4	residual_macrophage_depth	6	0.25	macrophage_identity;log1p_umi	True	0.1218539567030158
Figshare validation	P4	residual_depth_only	6	0.25	log1p_umi	True	0.2745286969735994
Figshare validation	P4	residual_plus_fibroblast	6	0.25	macrophage_identity;hypoxia;log1p_umi;fibroblast_ecm	True	-0.057324530839880136
Figshare validation	P4	unstratified_permutation	6	0.25	macrophage_identity;hypoxia;log1p_umi	False	0.1939262646260287
Figshare validation	P5	neighbors_k4	4	0.25	macrophage_identity;hypoxia;log1p_umi	True	0.2655949846574505
Figshare validation	P5	neighbors_k6	6	0.25	macrophage_identity;hypoxia;log1p_umi	True	0.2651978807971495
Figshare validation	P5	neighbors_k8	8	0.25	macrophage_identity;hypoxia;log1p_umi	True	0.25538330543574495
Figshare validation	P5	neighbors_k12	12	0.25	macrophage_identity;hypoxia;log1p_umi	True	0.2402577024687549
Figshare validation	P5	high_fraction_0.20	6	0.2	macrophage_identity;hypoxia;log1p_umi	True	0.28418158406415767
Figshare validation	P5	high_fraction_0.25	6	0.25	macrophage_identity;hypoxia;log1p_umi	True	0.2651978807971495
Figshare validation	P5	high_fraction_0.33	6	0.33	macrophage_identity;hypoxia;log1p_umi	True	0.281146191804485
Figshare validation	P5	residual_macrophage_depth	6	0.25	macrophage_identity;log1p_umi	True	0.26910104659741835
Figshare validation	P5	residual_depth_only	6	0.25	log1p_umi	True	0.5580992234494084
Figshare validation	P5	residual_plus_fibroblast	6	0.25	macrophage_identity;hypoxia;log1p_umi;fibroblast_ecm	True	0.09329998143019913
Figshare validation	P5	unstratified_permutation	6	0.25	macrophage_identity;hypoxia;log1p_umi	False	0.33540967776230646
Figshare validation	P6	neighbors_k4	4	0.25	macrophage_identity;hypoxia;log1p_umi	True	0.13561871802403336
Figshare validation	P6	neighbors_k6	6	0.25	macrophage_identity;hypoxia;log1p_umi	True	0.11149727213510674
Figshare validation	P6	neighbors_k8	8	0.25	macrophage_identity;hypoxia;log1p_umi	True	0.10759762381745283
Figshare validation	P6	neighbors_k12	12	0.25	macrophage_identity;hypoxia;log1p_umi	True	0.09824531679714296
Figshare validation	P6	high_fraction_0.20	6	0.2	macrophage_identity;hypoxia;log1p_umi	True	0.10141180399213129
Figshare validation	P6	high_fraction_0.25	6	0.25	macrophage_identity;hypoxia;log1p_umi	True	0.11149727213510674
Figshare validation	P6	high_fraction_0.33	6	0.33	macrophage_identity;hypoxia;log1p_umi	True	0.08879626292854399
Figshare validation	P6	residual_macrophage_depth	6	0.25	macrophage_identity;log1p_umi	True	0.11039642272632505
Figshare validation	P6	residual_depth_only	6	0.25	log1p_umi	True	0.25275206778375486
Figshare validation	P6	residual_plus_fibroblast	6	0.25	macrophage_identity;hypoxia;log1p_umi;fibroblast_ecm	True	-0.0301115275500489
Figshare validation	P6	unstratified_permutation	6	0.25	macrophage_identity;hypoxia;log1p_umi	False	0.14625591824876188
Figshare validation	P7	neighbors_k4	4	0.25	macrophage_identity;hypoxia;log1p_umi	True	-0.07803778026384708
Figshare validation	P7	neighbors_k6	6	0.25	macrophage_identity;hypoxia;log1p_umi	True	-0.08983534495913405
Figshare validation	P7	neighbors_k8	8	0.25	macrophage_identity;hypoxia;log1p_umi	True	-0.0827251976711415
Figshare validation	P7	neighbors_k12	12	0.25	macrophage_identity;hypoxia;log1p_umi	True	-0.07682462980239702
Figshare validation	P7	high_fraction_0.20	6	0.2	macrophage_identity;hypoxia;log1p_umi	True	-0.08928864773689513
Figshare validation	P7	high_fraction_0.25	6	0.25	macrophage_identity;hypoxia;log1p_umi	True	-0.08983534495913405
Figshare validation	P7	high_fraction_0.33	6	0.33	macrophage_identity;hypoxia;log1p_umi	True	-0.0807586924929989
Figshare validation	P7	residual_macrophage_depth	6	0.25	macrophage_identity;log1p_umi	True	-0.08904072657704765
Figshare validation	P7	residual_depth_only	6	0.25	log1p_umi	True	-0.10882692998309655
Figshare validation	P7	residual_plus_fibroblast	6	0.25	macrophage_identity;hypoxia;log1p_umi;fibroblast_ecm	True	-0.10166289369361689
Figshare validation	P7	unstratified_permutation	6	0.25	macrophage_identity;hypoxia;log1p_umi	False	-0.06538848558276789
Figshare validation	P8	neighbors_k4	4	0.25	macrophage_identity;hypoxia;log1p_umi	True	0.1198053319998453
Figshare validation	P8	neighbors_k6	6	0.25	macrophage_identity;hypoxia;log1p_umi	True	0.1255355330856952
Figshare validation	P8	neighbors_k8	8	0.25	macrophage_identity;hypoxia;log1p_umi	True	0.11913048424619489
Figshare validation	P8	neighbors_k12	12	0.25	macrophage_identity;hypoxia;log1p_umi	True	0.11777286245750236
Figshare validation	P8	high_fraction_0.20	6	0.2	macrophage_identity;hypoxia;log1p_umi	True	0.14320448562145421
Figshare validation	P8	high_fraction_0.25	6	0.25	macrophage_identity;hypoxia;log1p_umi	True	0.1255355330856952
Figshare validation	P8	high_fraction_0.33	6	0.33	macrophage_identity;hypoxia;log1p_umi	True	0.11727869295454653
Figshare validation	P8	residual_macrophage_depth	6	0.25	macrophage_identity;log1p_umi	True	0.12850713219460844
Figshare validation	P8	residual_depth_only	6	0.25	log1p_umi	True	0.21613242349937362
Figshare validation	P8	residual_plus_fibroblast	6	0.25	macrophage_identity;hypoxia;log1p_umi;fibroblast_ecm	True	0.04229792948701807
Figshare validation	P8	unstratified_permutation	6	0.25	macrophage_identity;hypoxia;log1p_umi	False	0.1337184320883525
TNBC94 extension	1	neighbors_k4	4	0.25	macrophage_identity;hypoxia;log1p_umi	True	0.1107597550786531
TNBC94 extension	1	neighbors_k6	6	0.25	macrophage_identity;hypoxia;log1p_umi	True	0.09900791157987851
TNBC94 extension	1	neighbors_k8	8	0.25	macrophage_identity;hypoxia;log1p_umi	True	0.08100636693678215
TNBC94 extension	1	neighbors_k12	12	0.25	macrophage_identity;hypoxia;log1p_umi	True	0.07087509988874065
TNBC94 extension	1	high_fraction_0.20	6	0.2	macrophage_identity;hypoxia;log1p_umi	True	0.1414080535999605
TNBC94 extension	1	high_fraction_0.25	6	0.25	macrophage_identity;hypoxia;log1p_umi	True	0.09900791157987851
TNBC94 extension	1	high_fraction_0.33	6	0.33	macrophage_identity;hypoxia;log1p_umi	True	0.07702554123492003
TNBC94 extension	1	residual_macrophage_depth	6	0.25	macrophage_identity;log1p_umi	True	0.10822524053841936
TNBC94 extension	1	residual_depth_only	6	0.25	log1p_umi	True	0.3166395167513091
TNBC94 extension	1	residual_plus_fibroblast	6	0.25	macrophage_identity;hypoxia;log1p_umi;fibroblast_ecm	True	-0.0028754838774575388
TNBC94 extension	1	unstratified_permutation	6	0.25	macrophage_identity;hypoxia;log1p_umi	False	0.10875683526652621
TNBC94 extension	2	neighbors_k4	4	0.25	macrophage_identity;hypoxia;log1p_umi	True	0.04242638725477087
TNBC94 extension	2	neighbors_k6	6	0.25	macrophage_identity;hypoxia;log1p_umi	True	0.05323038779091446
TNBC94 extension	2	neighbors_k8	8	0.25	macrophage_identity;hypoxia;log1p_umi	True	0.05188401624471962
TNBC94 extension	2	neighbors_k12	12	0.25	macrophage_identity;hypoxia;log1p_umi	True	0.04338427588288143
TNBC94 extension	2	high_fraction_0.20	6	0.2	macrophage_identity;hypoxia;log1p_umi	True	0.0496325613320825
TNBC94 extension	2	high_fraction_0.25	6	0.25	macrophage_identity;hypoxia;log1p_umi	True	0.05323038779091446
TNBC94 extension	2	high_fraction_0.33	6	0.33	macrophage_identity;hypoxia;log1p_umi	True	0.044153275219753034
TNBC94 extension	2	residual_macrophage_depth	6	0.25	macrophage_identity;log1p_umi	True	-0.030697658336251137
TNBC94 extension	2	residual_depth_only	6	0.25	log1p_umi	True	0.005806939059559342
TNBC94 extension	2	residual_plus_fibroblast	6	0.25	macrophage_identity;hypoxia;log1p_umi;fibroblast_ecm	True	-0.02561733197286408
TNBC94 extension	2	unstratified_permutation	6	0.25	macrophage_identity;hypoxia;log1p_umi	False	0.06543515948447053
TNBC94 extension	3	neighbors_k4	4	0.25	macrophage_identity;hypoxia;log1p_umi	True	0.1980046199933575
TNBC94 extension	3	neighbors_k6	6	0.25	macrophage_identity;hypoxia;log1p_umi	True	0.2131447051932133
TNBC94 extension	3	neighbors_k8	8	0.25	macrophage_identity;hypoxia;log1p_umi	True	0.20136498989375923
TNBC94 extension	3	neighbors_k12	12	0.25	macrophage_identity;hypoxia;log1p_umi	True	0.21554915185523188
TNBC94 extension	3	high_fraction_0.20	6	0.2	macrophage_identity;hypoxia;log1p_umi	True	0.2622479792357182
TNBC94 extension	3	high_fraction_0.25	6	0.25	macrophage_identity;hypoxia;log1p_umi	True	0.2131447051932133
TNBC94 extension	3	high_fraction_0.33	6	0.33	macrophage_identity;hypoxia;log1p_umi	True	0.19852918239986925
TNBC94 extension	3	residual_macrophage_depth	6	0.25	macrophage_identity;log1p_umi	True	0.2392359627808326
TNBC94 extension	3	residual_depth_only	6	0.25	log1p_umi	True	0.3877694124280259
TNBC94 extension	3	residual_plus_fibroblast	6	0.25	macrophage_identity;hypoxia;log1p_umi;fibroblast_ecm	True	0.17874742114917608
TNBC94 extension	3	unstratified_permutation	6	0.25	macrophage_identity;hypoxia;log1p_umi	False	0.208176800392897
TNBC94 extension	4	neighbors_k4	4	0.25	macrophage_identity;hypoxia;log1p_umi	True	0.12201072851955577
TNBC94 extension	4	neighbors_k6	6	0.25	macrophage_identity;hypoxia;log1p_umi	True	0.10660520888180373
TNBC94 extension	4	neighbors_k8	8	0.25	macrophage_identity;hypoxia;log1p_umi	True	0.11811456769573538
TNBC94 extension	4	neighbors_k12	12	0.25	macrophage_identity;hypoxia;log1p_umi	True	0.12229004484585446
TNBC94 extension	4	high_fraction_0.20	6	0.2	macrophage_identity;hypoxia;log1p_umi	True	0.09817762824753654
TNBC94 extension	4	high_fraction_0.25	6	0.25	macrophage_identity;hypoxia;log1p_umi	True	0.10660520888180373
TNBC94 extension	4	high_fraction_0.33	6	0.33	macrophage_identity;hypoxia;log1p_umi	True	0.11455196509348678
TNBC94 extension	4	residual_macrophage_depth	6	0.25	macrophage_identity;log1p_umi	True	0.10553698396844693
TNBC94 extension	4	residual_depth_only	6	0.25	log1p_umi	True	0.20853747366291808
TNBC94 extension	4	residual_plus_fibroblast	6	0.25	macrophage_identity;hypoxia;log1p_umi;fibroblast_ecm	True	0.06596308454860694
TNBC94 extension	4	unstratified_permutation	6	0.25	macrophage_identity;hypoxia;log1p_umi	False	0.16730476734807334
TNBC94 extension	5	neighbors_k4	4	0.25	macrophage_identity;hypoxia;log1p_umi	True	-0.10420117811690031
TNBC94 extension	5	neighbors_k6	6	0.25	macrophage_identity;hypoxia;log1p_umi	True	-0.10817883151217825
TNBC94 extension	5	neighbors_k8	8	0.25	macrophage_identity;hypoxia;log1p_umi	True	-0.10666990212062033
TNBC94 extension	5	neighbors_k12	12	0.25	macrophage_identity;hypoxia;log1p_umi	True	-0.11049384710922501
TNBC94 extension	5	high_fraction_0.20	6	0.2	macrophage_identity;hypoxia;log1p_umi	True	-0.15330448902719712
TNBC94 extension	5	high_fraction_0.25	6	0.25	macrophage_identity;hypoxia;log1p_umi	True	-0.10817883151217825
TNBC94 extension	5	high_fraction_0.33	6	0.33	macrophage_identity;hypoxia;log1p_umi	True	-0.08413606927058581
TNBC94 extension	5	residual_macrophage_depth	6	0.25	macrophage_identity;log1p_umi	True	-0.1110930472322802
TNBC94 extension	5	residual_depth_only	6	0.25	log1p_umi	True	-0.10447570341841667
TNBC94 extension	5	residual_plus_fibroblast	6	0.25	macrophage_identity;hypoxia;log1p_umi;fibroblast_ecm	True	-0.10499200687846343
TNBC94 extension	5	unstratified_permutation	6	0.25	macrophage_identity;hypoxia;log1p_umi	False	-0.1312670205944226
TNBC94 extension	6	neighbors_k4	4	0.25	macrophage_identity;hypoxia;log1p_umi	True	0.032530036898591366
TNBC94 extension	6	neighbors_k6	6	0.25	macrophage_identity;hypoxia;log1p_umi	True	0.05516996406276124
TNBC94 extension	6	neighbors_k8	8	0.25	macrophage_identity;hypoxia;log1p_umi	True	0.04001083235219373
TNBC94 extension	6	neighbors_k12	12	0.25	macrophage_identity;hypoxia;log1p_umi	True	0.025174595194875596
TNBC94 extension	6	high_fraction_0.20	6	0.2	macrophage_identity;hypoxia;log1p_umi	True	0.09449141953544409
TNBC94 extension	6	high_fraction_0.25	6	0.25	macrophage_identity;hypoxia;log1p_umi	True	0.05516996406276124
TNBC94 extension	6	high_fraction_0.33	6	0.33	macrophage_identity;hypoxia;log1p_umi	True	0.07309219500719227
TNBC94 extension	6	residual_macrophage_depth	6	0.25	macrophage_identity;log1p_umi	True	0.04325168498172971
TNBC94 extension	6	residual_depth_only	6	0.25	log1p_umi	True	0.2044766655864777
TNBC94 extension	6	residual_plus_fibroblast	6	0.25	macrophage_identity;hypoxia;log1p_umi;fibroblast_ecm	True	0.06438218705562038
TNBC94 extension	6	unstratified_permutation	6	0.25	macrophage_identity;hypoxia;log1p_umi	False	0.04157336183122952
TNBC94 extension	7	neighbors_k4	4	0.25	macrophage_identity;hypoxia;log1p_umi	True	0.06651655765770306
TNBC94 extension	7	neighbors_k6	6	0.25	macrophage_identity;hypoxia;log1p_umi	True	0.07242489592866888
TNBC94 extension	7	neighbors_k8	8	0.25	macrophage_identity;hypoxia;log1p_umi	True	0.09226467224006425
TNBC94 extension	7	neighbors_k12	12	0.25	macrophage_identity;hypoxia;log1p_umi	True	0.06582911477052426
TNBC94 extension	7	high_fraction_0.20	6	0.2	macrophage_identity;hypoxia;log1p_umi	True	0.08071604932625617
TNBC94 extension	7	high_fraction_0.25	6	0.25	macrophage_identity;hypoxia;log1p_umi	True	0.07242489592866888
TNBC94 extension	7	high_fraction_0.33	6	0.33	macrophage_identity;hypoxia;log1p_umi	True	0.06869730214050569
TNBC94 extension	7	residual_macrophage_depth	6	0.25	macrophage_identity;log1p_umi	True	0.05960325625982135
TNBC94 extension	7	residual_depth_only	6	0.25	log1p_umi	True	0.15569997552704867
TNBC94 extension	7	residual_plus_fibroblast	6	0.25	macrophage_identity;hypoxia;log1p_umi;fibroblast_ecm	True	0.02124577043627976
TNBC94 extension	7	unstratified_permutation	6	0.25	macrophage_identity;hypoxia;log1p_umi	False	0.1242352038052045
TNBC94 extension	8	neighbors_k4	4	0.25	macrophage_identity;hypoxia;log1p_umi	True	-0.012797611611280846
TNBC94 extension	8	neighbors_k6	6	0.25	macrophage_identity;hypoxia;log1p_umi	True	0.014299592824368566
TNBC94 extension	8	neighbors_k8	8	0.25	macrophage_identity;hypoxia;log1p_umi	True	0.013313484940035827
TNBC94 extension	8	neighbors_k12	12	0.25	macrophage_identity;hypoxia;log1p_umi	True	0.014704282379104247
TNBC94 extension	8	high_fraction_0.20	6	0.2	macrophage_identity;hypoxia;log1p_umi	True	-0.014347777815297648
TNBC94 extension	8	high_fraction_0.25	6	0.25	macrophage_identity;hypoxia;log1p_umi	True	0.014299592824368566
TNBC94 extension	8	high_fraction_0.33	6	0.33	macrophage_identity;hypoxia;log1p_umi	True	0.02692428513309104
TNBC94 extension	8	residual_macrophage_depth	6	0.25	macrophage_identity;log1p_umi	True	-0.010147257816374624
TNBC94 extension	8	residual_depth_only	6	0.25	log1p_umi	True	0.014297343418927494
TNBC94 extension	8	residual_plus_fibroblast	6	0.25	macrophage_identity;hypoxia;log1p_umi;fibroblast_ecm	True	-0.0717122716530221
TNBC94 extension	8	unstratified_permutation	6	0.25	macrophage_identity;hypoxia;log1p_umi	False	-0.02782050442891006
TNBC94 extension	9	neighbors_k4	4	0.25	macrophage_identity;hypoxia;log1p_umi	True	0.009602755850815908
TNBC94 extension	9	neighbors_k6	6	0.25	macrophage_identity;hypoxia;log1p_umi	True	0.011111264327023931
TNBC94 extension	9	neighbors_k8	8	0.25	macrophage_identity;hypoxia;log1p_umi	True	0.007784508914504468
TNBC94 extension	9	neighbors_k12	12	0.25	macrophage_identity;hypoxia;log1p_umi	True	0.01228811911606282
TNBC94 extension	9	high_fraction_0.20	6	0.2	macrophage_identity;hypoxia;log1p_umi	True	0.003658514248483336
TNBC94 extension	9	high_fraction_0.25	6	0.25	macrophage_identity;hypoxia;log1p_umi	True	0.011111264327023931
TNBC94 extension	9	high_fraction_0.33	6	0.33	macrophage_identity;hypoxia;log1p_umi	True	0.050356686746781815
TNBC94 extension	9	residual_macrophage_depth	6	0.25	macrophage_identity;log1p_umi	True	0.026711011072024934
TNBC94 extension	9	residual_depth_only	6	0.25	log1p_umi	True	0.03403087489421153
TNBC94 extension	9	residual_plus_fibroblast	6	0.25	macrophage_identity;hypoxia;log1p_umi;fibroblast_ecm	True	-0.016067270337556807
TNBC94 extension	9	unstratified_permutation	6	0.25	macrophage_identity;hypoxia;log1p_umi	False	0.06468257352294128
TNBC94 extension	10	neighbors_k4	4	0.25	macrophage_identity;hypoxia;log1p_umi	True	0.08452684921758555
TNBC94 extension	10	neighbors_k6	6	0.25	macrophage_identity;hypoxia;log1p_umi	True	0.07448989753448551
TNBC94 extension	10	neighbors_k8	8	0.25	macrophage_identity;hypoxia;log1p_umi	True	0.07446084759930804
TNBC94 extension	10	neighbors_k12	12	0.25	macrophage_identity;hypoxia;log1p_umi	True	0.0640878941743673
TNBC94 extension	10	high_fraction_0.20	6	0.2	macrophage_identity;hypoxia;log1p_umi	True	0.056746479293586796
TNBC94 extension	10	high_fraction_0.25	6	0.25	macrophage_identity;hypoxia;log1p_umi	True	0.07448989753448551
TNBC94 extension	10	high_fraction_0.33	6	0.33	macrophage_identity;hypoxia;log1p_umi	True	0.09730172747995032
TNBC94 extension	10	residual_macrophage_depth	6	0.25	macrophage_identity;log1p_umi	True	0.0739313903871815
TNBC94 extension	10	residual_depth_only	6	0.25	log1p_umi	True	0.07304317224846543
TNBC94 extension	10	residual_plus_fibroblast	6	0.25	macrophage_identity;hypoxia;log1p_umi;fibroblast_ecm	True	0.005850310027862779
TNBC94 extension	10	unstratified_permutation	6	0.25	macrophage_identity;hypoxia;log1p_umi	False	0.08764473435277972
TNBC94 extension	11	neighbors_k4	4	0.25	macrophage_identity;hypoxia;log1p_umi	True	0.10387605091468667
TNBC94 extension	11	neighbors_k6	6	0.25	macrophage_identity;hypoxia;log1p_umi	True	0.10144282391732638
TNBC94 extension	11	neighbors_k8	8	0.25	macrophage_identity;hypoxia;log1p_umi	True	0.10581841917014251
TNBC94 extension	11	neighbors_k12	12	0.25	macrophage_identity;hypoxia;log1p_umi	True	0.09211821108454904
TNBC94 extension	11	high_fraction_0.20	6	0.2	macrophage_identity;hypoxia;log1p_umi	True	0.08887947640872221
TNBC94 extension	11	high_fraction_0.25	6	0.25	macrophage_identity;hypoxia;log1p_umi	True	0.10144282391732638
TNBC94 extension	11	high_fraction_0.33	6	0.33	macrophage_identity;hypoxia;log1p_umi	True	0.12080266880417069
TNBC94 extension	11	residual_macrophage_depth	6	0.25	macrophage_identity;log1p_umi	True	0.1133273989890723
TNBC94 extension	11	residual_depth_only	6	0.25	log1p_umi	True	0.3539910627598716
TNBC94 extension	11	residual_plus_fibroblast	6	0.25	macrophage_identity;hypoxia;log1p_umi;fibroblast_ecm	True	0.022341160757135412
TNBC94 extension	11	unstratified_permutation	6	0.25	macrophage_identity;hypoxia;log1p_umi	False	0.08176586307088557
TNBC94 extension	12	neighbors_k4	4	0.25	macrophage_identity;hypoxia;log1p_umi	True	0.17386810285967744
TNBC94 extension	12	neighbors_k6	6	0.25	macrophage_identity;hypoxia;log1p_umi	True	0.1538993638732244
TNBC94 extension	12	neighbors_k8	8	0.25	macrophage_identity;hypoxia;log1p_umi	True	0.12638637882946752
TNBC94 extension	12	neighbors_k12	12	0.25	macrophage_identity;hypoxia;log1p_umi	True	0.10440721038852963
TNBC94 extension	12	high_fraction_0.20	6	0.2	macrophage_identity;hypoxia;log1p_umi	True	0.17732259652743965
TNBC94 extension	12	high_fraction_0.25	6	0.25	macrophage_identity;hypoxia;log1p_umi	True	0.1538993638732244
TNBC94 extension	12	high_fraction_0.33	6	0.33	macrophage_identity;hypoxia;log1p_umi	True	0.12653024281309228
TNBC94 extension	12	residual_macrophage_depth	6	0.25	macrophage_identity;log1p_umi	True	0.14558306247634337
TNBC94 extension	12	residual_depth_only	6	0.25	log1p_umi	True	0.2249987874406689
TNBC94 extension	12	residual_plus_fibroblast	6	0.25	macrophage_identity;hypoxia;log1p_umi;fibroblast_ecm	True	0.10008436711006818
TNBC94 extension	12	unstratified_permutation	6	0.25	macrophage_identity;hypoxia;log1p_umi	False	0.1620836643223937
TNBC94 extension	13	neighbors_k4	4	0.25	macrophage_identity;hypoxia;log1p_umi	True	0.08385701533522619
TNBC94 extension	13	neighbors_k6	6	0.25	macrophage_identity;hypoxia;log1p_umi	True	0.07529592334923438
TNBC94 extension	13	neighbors_k8	8	0.25	macrophage_identity;hypoxia;log1p_umi	True	0.09614281331295443
TNBC94 extension	13	neighbors_k12	12	0.25	macrophage_identity;hypoxia;log1p_umi	True	0.08968569361792182
TNBC94 extension	13	high_fraction_0.20	6	0.2	macrophage_identity;hypoxia;log1p_umi	True	0.08788130408686372
TNBC94 extension	13	high_fraction_0.25	6	0.25	macrophage_identity;hypoxia;log1p_umi	True	0.07529592334923438
TNBC94 extension	13	high_fraction_0.33	6	0.33	macrophage_identity;hypoxia;log1p_umi	True	0.08301553050537501
TNBC94 extension	13	residual_macrophage_depth	6	0.25	macrophage_identity;log1p_umi	True	0.07720886443367413
TNBC94 extension	13	residual_depth_only	6	0.25	log1p_umi	True	0.08896547720602586
TNBC94 extension	13	residual_plus_fibroblast	6	0.25	macrophage_identity;hypoxia;log1p_umi;fibroblast_ecm	True	0.07550442716834219
TNBC94 extension	13	unstratified_permutation	6	0.25	macrophage_identity;hypoxia;log1p_umi	False	0.06471624663260635
TNBC94 extension	14	neighbors_k4	4	0.25	macrophage_identity;hypoxia;log1p_umi	True	0.035653184454638026
TNBC94 extension	14	neighbors_k6	6	0.25	macrophage_identity;hypoxia;log1p_umi	True	0.02820889192825496
TNBC94 extension	14	neighbors_k8	8	0.25	macrophage_identity;hypoxia;log1p_umi	True	0.026805919997980446
TNBC94 extension	14	neighbors_k12	12	0.25	macrophage_identity;hypoxia;log1p_umi	True	0.025166338304304092
TNBC94 extension	14	high_fraction_0.20	6	0.2	macrophage_identity;hypoxia;log1p_umi	True	0.003990493818394655
TNBC94 extension	14	high_fraction_0.25	6	0.25	macrophage_identity;hypoxia;log1p_umi	True	0.02820889192825496
TNBC94 extension	14	high_fraction_0.33	6	0.33	macrophage_identity;hypoxia;log1p_umi	True	0.031344319834862855
TNBC94 extension	14	residual_macrophage_depth	6	0.25	macrophage_identity;log1p_umi	True	0.02934581757698336
TNBC94 extension	14	residual_depth_only	6	0.25	log1p_umi	True	0.09145208933954678
TNBC94 extension	14	residual_plus_fibroblast	6	0.25	macrophage_identity;hypoxia;log1p_umi;fibroblast_ecm	True	-0.0175624025943792
TNBC94 extension	14	unstratified_permutation	6	0.25	macrophage_identity;hypoxia;log1p_umi	False	0.09110639099127592
TNBC94 extension	15	neighbors_k4	4	0.25	macrophage_identity;hypoxia;log1p_umi	True	0.0588939756453691
TNBC94 extension	15	neighbors_k6	6	0.25	macrophage_identity;hypoxia;log1p_umi	True	0.05822284083686069
TNBC94 extension	15	neighbors_k8	8	0.25	macrophage_identity;hypoxia;log1p_umi	True	0.06476002546680834
TNBC94 extension	15	neighbors_k12	12	0.25	macrophage_identity;hypoxia;log1p_umi	True	0.06499089538932501
TNBC94 extension	15	high_fraction_0.20	6	0.2	macrophage_identity;hypoxia;log1p_umi	True	0.04114701529574299
TNBC94 extension	15	high_fraction_0.25	6	0.25	macrophage_identity;hypoxia;log1p_umi	True	0.05822284083686069
TNBC94 extension	15	high_fraction_0.33	6	0.33	macrophage_identity;hypoxia;log1p_umi	True	0.1029185419617589
TNBC94 extension	15	residual_macrophage_depth	6	0.25	macrophage_identity;log1p_umi	True	0.051537667144249566
TNBC94 extension	15	residual_depth_only	6	0.25	log1p_umi	True	0.12800751333078134
TNBC94 extension	15	residual_plus_fibroblast	6	0.25	macrophage_identity;hypoxia;log1p_umi;fibroblast_ecm	True	0.019471961318212414
TNBC94 extension	15	unstratified_permutation	6	0.25	macrophage_identity;hypoxia;log1p_umi	False	0.07278018244768797
TNBC94 extension	16	neighbors_k4	4	0.25	macrophage_identity;hypoxia;log1p_umi	True	0.11657219230805893
TNBC94 extension	16	neighbors_k6	6	0.25	macrophage_identity;hypoxia;log1p_umi	True	0.10247347229267535
TNBC94 extension	16	neighbors_k8	8	0.25	macrophage_identity;hypoxia;log1p_umi	True	0.08745286951557497
TNBC94 extension	16	neighbors_k12	12	0.25	macrophage_identity;hypoxia;log1p_umi	True	0.084991083482713
TNBC94 extension	16	high_fraction_0.20	6	0.2	macrophage_identity;hypoxia;log1p_umi	True	0.14734782314249562
TNBC94 extension	16	high_fraction_0.25	6	0.25	macrophage_identity;hypoxia;log1p_umi	True	0.10247347229267535
TNBC94 extension	16	high_fraction_0.33	6	0.33	macrophage_identity;hypoxia;log1p_umi	True	0.08809293004309732
TNBC94 extension	16	residual_macrophage_depth	6	0.25	macrophage_identity;log1p_umi	True	0.10268336137602085
TNBC94 extension	16	residual_depth_only	6	0.25	log1p_umi	True	0.23699599271322128
TNBC94 extension	16	residual_plus_fibroblast	6	0.25	macrophage_identity;hypoxia;log1p_umi;fibroblast_ecm	True	0.056585571063818445
TNBC94 extension	16	unstratified_permutation	6	0.25	macrophage_identity;hypoxia;log1p_umi	False	0.13248636709072725
TNBC94 extension	19	neighbors_k4	4	0.25	macrophage_identity;hypoxia;log1p_umi	True	0.05231083162123549
TNBC94 extension	19	neighbors_k6	6	0.25	macrophage_identity;hypoxia;log1p_umi	True	0.062176525624598314
TNBC94 extension	19	neighbors_k8	8	0.25	macrophage_identity;hypoxia;log1p_umi	True	0.06286555202432402
TNBC94 extension	19	neighbors_k12	12	0.25	macrophage_identity;hypoxia;log1p_umi	True	0.06190434232037847
TNBC94 extension	19	high_fraction_0.20	6	0.2	macrophage_identity;hypoxia;log1p_umi	True	0.07759753000123872
TNBC94 extension	19	high_fraction_0.25	6	0.25	macrophage_identity;hypoxia;log1p_umi	True	0.062176525624598314
TNBC94 extension	19	high_fraction_0.33	6	0.33	macrophage_identity;hypoxia;log1p_umi	True	0.05680545929560051
TNBC94 extension	19	residual_macrophage_depth	6	0.25	macrophage_identity;log1p_umi	True	0.03434257592254293
TNBC94 extension	19	residual_depth_only	6	0.25	log1p_umi	True	0.11483925784199873
TNBC94 extension	19	residual_plus_fibroblast	6	0.25	macrophage_identity;hypoxia;log1p_umi;fibroblast_ecm	True	0.00798036945147455
TNBC94 extension	19	unstratified_permutation	6	0.25	macrophage_identity;hypoxia;log1p_umi	False	0.09573782310559918
TNBC94 extension	20	neighbors_k4	4	0.25	macrophage_identity;hypoxia;log1p_umi	True	0.015720531494434385
TNBC94 extension	20	neighbors_k6	6	0.25	macrophage_identity;hypoxia;log1p_umi	True	0.008841724225010329
TNBC94 extension	20	neighbors_k8	8	0.25	macrophage_identity;hypoxia;log1p_umi	True	0.005280693041798431
TNBC94 extension	20	neighbors_k12	12	0.25	macrophage_identity;hypoxia;log1p_umi	True	-0.006573071957394891
TNBC94 extension	20	high_fraction_0.20	6	0.2	macrophage_identity;hypoxia;log1p_umi	True	0.007373015675709337
TNBC94 extension	20	high_fraction_0.25	6	0.25	macrophage_identity;hypoxia;log1p_umi	True	0.008841724225010329
TNBC94 extension	20	high_fraction_0.33	6	0.33	macrophage_identity;hypoxia;log1p_umi	True	-0.013069317683402375
TNBC94 extension	20	residual_macrophage_depth	6	0.25	macrophage_identity;log1p_umi	True	0.013566539689467453
TNBC94 extension	20	residual_depth_only	6	0.25	log1p_umi	True	0.04525450170921213
TNBC94 extension	20	residual_plus_fibroblast	6	0.25	macrophage_identity;hypoxia;log1p_umi;fibroblast_ecm	True	-0.024779728045341044
TNBC94 extension	20	unstratified_permutation	6	0.25	macrophage_identity;hypoxia;log1p_umi	False	-0.0006318952907353418
TNBC94 extension	21	neighbors_k4	4	0.25	macrophage_identity;hypoxia;log1p_umi	True	-0.05104980734357961
TNBC94 extension	21	neighbors_k6	6	0.25	macrophage_identity;hypoxia;log1p_umi	True	-0.04374745516403844
TNBC94 extension	21	neighbors_k8	8	0.25	macrophage_identity;hypoxia;log1p_umi	True	-0.039101104083954265
TNBC94 extension	21	neighbors_k12	12	0.25	macrophage_identity;hypoxia;log1p_umi	True	-0.052760564679751376
TNBC94 extension	21	high_fraction_0.20	6	0.2	macrophage_identity;hypoxia;log1p_umi	True	-8.985271587844124e-05
TNBC94 extension	21	high_fraction_0.25	6	0.25	macrophage_identity;hypoxia;log1p_umi	True	-0.04374745516403844
TNBC94 extension	21	high_fraction_0.33	6	0.33	macrophage_identity;hypoxia;log1p_umi	True	-0.06025484099745919
TNBC94 extension	21	residual_macrophage_depth	6	0.25	macrophage_identity;log1p_umi	True	-0.052262733910258125
TNBC94 extension	21	residual_depth_only	6	0.25	log1p_umi	True	0.03778060166744682
TNBC94 extension	21	residual_plus_fibroblast	6	0.25	macrophage_identity;hypoxia;log1p_umi;fibroblast_ecm	True	-0.07128225175853213
TNBC94 extension	21	unstratified_permutation	6	0.25	macrophage_identity;hypoxia;log1p_umi	False	-0.09924960608120932
TNBC94 extension	22	neighbors_k4	4	0.25	macrophage_identity;hypoxia;log1p_umi	True	0.07454893402118412
TNBC94 extension	22	neighbors_k6	6	0.25	macrophage_identity;hypoxia;log1p_umi	True	0.07649654272722917
TNBC94 extension	22	neighbors_k8	8	0.25	macrophage_identity;hypoxia;log1p_umi	True	0.08136276367912648
TNBC94 extension	22	neighbors_k12	12	0.25	macrophage_identity;hypoxia;log1p_umi	True	0.07731820807569556
TNBC94 extension	22	high_fraction_0.20	6	0.2	macrophage_identity;hypoxia;log1p_umi	True	0.07799837016060074
TNBC94 extension	22	high_fraction_0.25	6	0.25	macrophage_identity;hypoxia;log1p_umi	True	0.07649654272722917
TNBC94 extension	22	high_fraction_0.33	6	0.33	macrophage_identity;hypoxia;log1p_umi	True	0.08651841129031196
TNBC94 extension	22	residual_macrophage_depth	6	0.25	macrophage_identity;log1p_umi	True	0.1007644067618072
TNBC94 extension	22	residual_depth_only	6	0.25	log1p_umi	True	0.17283461261231747
TNBC94 extension	22	residual_plus_fibroblast	6	0.25	macrophage_identity;hypoxia;log1p_umi;fibroblast_ecm	True	0.03304370531353079
TNBC94 extension	22	unstratified_permutation	6	0.25	macrophage_identity;hypoxia;log1p_umi	False	0.4535147368999619
TNBC94 extension	23	neighbors_k4	4	0.25	macrophage_identity;hypoxia;log1p_umi	True	0.0491843838233894
TNBC94 extension	23	neighbors_k6	6	0.25	macrophage_identity;hypoxia;log1p_umi	True	0.047263376116485796
TNBC94 extension	23	neighbors_k8	8	0.25	macrophage_identity;hypoxia;log1p_umi	True	0.0673077112409904
TNBC94 extension	23	neighbors_k12	12	0.25	macrophage_identity;hypoxia;log1p_umi	True	0.06655952658157355
TNBC94 extension	23	high_fraction_0.20	6	0.2	macrophage_identity;hypoxia;log1p_umi	True	0.025212988586064907
TNBC94 extension	23	high_fraction_0.25	6	0.25	macrophage_identity;hypoxia;log1p_umi	True	0.047263376116485796
TNBC94 extension	23	high_fraction_0.33	6	0.33	macrophage_identity;hypoxia;log1p_umi	True	0.10021177577611455
TNBC94 extension	23	residual_macrophage_depth	6	0.25	macrophage_identity;log1p_umi	True	0.00681845685962373
TNBC94 extension	23	residual_depth_only	6	0.25	log1p_umi	True	0.104175867000591
TNBC94 extension	23	residual_plus_fibroblast	6	0.25	macrophage_identity;hypoxia;log1p_umi;fibroblast_ecm	True	-0.06235974254235058
TNBC94 extension	23	unstratified_permutation	6	0.25	macrophage_identity;hypoxia;log1p_umi	False	0.07085006977310825
TNBC94 extension	24	neighbors_k4	4	0.25	macrophage_identity;hypoxia;log1p_umi	True	0.18457954955536046
TNBC94 extension	24	neighbors_k6	6	0.25	macrophage_identity;hypoxia;log1p_umi	True	0.1650779721127055
TNBC94 extension	24	neighbors_k8	8	0.25	macrophage_identity;hypoxia;log1p_umi	True	0.16855488837593646
TNBC94 extension	24	neighbors_k12	12	0.25	macrophage_identity;hypoxia;log1p_umi	True	0.1515416774839388
TNBC94 extension	24	high_fraction_0.20	6	0.2	macrophage_identity;hypoxia;log1p_umi	True	0.19014355650816428
TNBC94 extension	24	high_fraction_0.25	6	0.25	macrophage_identity;hypoxia;log1p_umi	True	0.1650779721127055
TNBC94 extension	24	high_fraction_0.33	6	0.33	macrophage_identity;hypoxia;log1p_umi	True	0.1955862784374406
TNBC94 extension	24	residual_macrophage_depth	6	0.25	macrophage_identity;log1p_umi	True	0.15423472297578592
TNBC94 extension	24	residual_depth_only	6	0.25	log1p_umi	True	0.25417831299259475
TNBC94 extension	24	residual_plus_fibroblast	6	0.25	macrophage_identity;hypoxia;log1p_umi;fibroblast_ecm	True	0.06189991097937416
TNBC94 extension	24	unstratified_permutation	6	0.25	macrophage_identity;hypoxia;log1p_umi	False	0.17753434423049813
TNBC94 extension	25	neighbors_k4	4	0.25	macrophage_identity;hypoxia;log1p_umi	True	0.25680321199872536
TNBC94 extension	25	neighbors_k6	6	0.25	macrophage_identity;hypoxia;log1p_umi	True	0.2505633794206462
TNBC94 extension	25	neighbors_k8	8	0.25	macrophage_identity;hypoxia;log1p_umi	True	0.2477217003409264
TNBC94 extension	25	neighbors_k12	12	0.25	macrophage_identity;hypoxia;log1p_umi	True	0.24655003613381693
TNBC94 extension	25	high_fraction_0.20	6	0.2	macrophage_identity;hypoxia;log1p_umi	True	0.2514118013193387
TNBC94 extension	25	high_fraction_0.25	6	0.25	macrophage_identity;hypoxia;log1p_umi	True	0.2505633794206462
TNBC94 extension	25	high_fraction_0.33	6	0.33	macrophage_identity;hypoxia;log1p_umi	True	0.2866244609102294
TNBC94 extension	25	residual_macrophage_depth	6	0.25	macrophage_identity;log1p_umi	True	0.264048310698783
TNBC94 extension	25	residual_depth_only	6	0.25	log1p_umi	True	0.4162509027626217
TNBC94 extension	25	residual_plus_fibroblast	6	0.25	macrophage_identity;hypoxia;log1p_umi;fibroblast_ecm	True	0.15203440858170958
TNBC94 extension	25	unstratified_permutation	6	0.25	macrophage_identity;hypoxia;log1p_umi	False	0.291256272697926
TNBC94 extension	26	neighbors_k4	4	0.25	macrophage_identity;hypoxia;log1p_umi	True	0.18754040742872286
TNBC94 extension	26	neighbors_k6	6	0.25	macrophage_identity;hypoxia;log1p_umi	True	0.13588702190821722
TNBC94 extension	26	neighbors_k8	8	0.25	macrophage_identity;hypoxia;log1p_umi	True	0.12600062861943578
TNBC94 extension	26	neighbors_k12	12	0.25	macrophage_identity;hypoxia;log1p_umi	True	0.07194245935930191
TNBC94 extension	26	high_fraction_0.20	6	0.2	macrophage_identity;hypoxia;log1p_umi	True	0.2112628802464233
TNBC94 extension	26	high_fraction_0.25	6	0.25	macrophage_identity;hypoxia;log1p_umi	True	0.13588702190821722
TNBC94 extension	26	high_fraction_0.33	6	0.33	macrophage_identity;hypoxia;log1p_umi	True	0.18429235232897
TNBC94 extension	26	residual_macrophage_depth	6	0.25	macrophage_identity;log1p_umi	True	0.15629422091390244
TNBC94 extension	26	residual_depth_only	6	0.25	log1p_umi	True	0.19290230275535297
TNBC94 extension	26	residual_plus_fibroblast	6	0.25	macrophage_identity;hypoxia;log1p_umi;fibroblast_ecm	True	0.09785823180015225
TNBC94 extension	26	unstratified_permutation	6	0.25	macrophage_identity;hypoxia;log1p_umi	False	0.21398968260646636
TNBC94 extension	27	neighbors_k4	4	0.25	macrophage_identity;hypoxia;log1p_umi	True	0.05745507556126065
TNBC94 extension	27	neighbors_k6	6	0.25	macrophage_identity;hypoxia;log1p_umi	True	0.07007065189242814
TNBC94 extension	27	neighbors_k8	8	0.25	macrophage_identity;hypoxia;log1p_umi	True	0.06647716782821768
TNBC94 extension	27	neighbors_k12	12	0.25	macrophage_identity;hypoxia;log1p_umi	True	0.06531213992980306
TNBC94 extension	27	high_fraction_0.20	6	0.2	macrophage_identity;hypoxia;log1p_umi	True	0.05459225614787397
TNBC94 extension	27	high_fraction_0.25	6	0.25	macrophage_identity;hypoxia;log1p_umi	True	0.07007065189242814
TNBC94 extension	27	high_fraction_0.33	6	0.33	macrophage_identity;hypoxia;log1p_umi	True	0.06970503600686609
TNBC94 extension	27	residual_macrophage_depth	6	0.25	macrophage_identity;log1p_umi	True	0.030441139013054994
TNBC94 extension	27	residual_depth_only	6	0.25	log1p_umi	True	0.027324408092768843
TNBC94 extension	27	residual_plus_fibroblast	6	0.25	macrophage_identity;hypoxia;log1p_umi;fibroblast_ecm	True	0.02578838998484468
TNBC94 extension	27	unstratified_permutation	6	0.25	macrophage_identity;hypoxia;log1p_umi	False	0.057682998167245036
TNBC94 extension	28	neighbors_k4	4	0.25	macrophage_identity;hypoxia;log1p_umi	True	0.12889936413664002
TNBC94 extension	28	neighbors_k6	6	0.25	macrophage_identity;hypoxia;log1p_umi	True	0.12801403612708673
TNBC94 extension	28	neighbors_k8	8	0.25	macrophage_identity;hypoxia;log1p_umi	True	0.12982428143490976
TNBC94 extension	28	neighbors_k12	12	0.25	macrophage_identity;hypoxia;log1p_umi	True	0.1283217307269386
TNBC94 extension	28	high_fraction_0.20	6	0.2	macrophage_identity;hypoxia;log1p_umi	True	0.1179278920040373
TNBC94 extension	28	high_fraction_0.25	6	0.25	macrophage_identity;hypoxia;log1p_umi	True	0.12801403612708673
TNBC94 extension	28	high_fraction_0.33	6	0.33	macrophage_identity;hypoxia;log1p_umi	True	0.11621091589351405
TNBC94 extension	28	residual_macrophage_depth	6	0.25	macrophage_identity;log1p_umi	True	0.13569416166329953
TNBC94 extension	28	residual_depth_only	6	0.25	log1p_umi	True	0.17646658290441564
TNBC94 extension	28	residual_plus_fibroblast	6	0.25	macrophage_identity;hypoxia;log1p_umi;fibroblast_ecm	True	-0.0022968627284441767
TNBC94 extension	28	unstratified_permutation	6	0.25	macrophage_identity;hypoxia;log1p_umi	False	0.15493768019620383
TNBC94 extension	29	neighbors_k4	4	0.25	macrophage_identity;hypoxia;log1p_umi	True	0.08558107997595266
TNBC94 extension	29	neighbors_k6	6	0.25	macrophage_identity;hypoxia;log1p_umi	True	0.06969740589887347
TNBC94 extension	29	neighbors_k8	8	0.25	macrophage_identity;hypoxia;log1p_umi	True	0.07646715670081869
TNBC94 extension	29	neighbors_k12	12	0.25	macrophage_identity;hypoxia;log1p_umi	True	0.07306165050981756
TNBC94 extension	29	high_fraction_0.20	6	0.2	macrophage_identity;hypoxia;log1p_umi	True	0.06634677855655526
TNBC94 extension	29	high_fraction_0.25	6	0.25	macrophage_identity;hypoxia;log1p_umi	True	0.06969740589887347
TNBC94 extension	29	high_fraction_0.33	6	0.33	macrophage_identity;hypoxia;log1p_umi	True	0.03810980499933767
TNBC94 extension	29	residual_macrophage_depth	6	0.25	macrophage_identity;log1p_umi	True	0.06798082342034908
TNBC94 extension	29	residual_depth_only	6	0.25	log1p_umi	True	0.072299404187616
TNBC94 extension	29	residual_plus_fibroblast	6	0.25	macrophage_identity;hypoxia;log1p_umi;fibroblast_ecm	True	-0.0036827972131843606
TNBC94 extension	29	unstratified_permutation	6	0.25	macrophage_identity;hypoxia;log1p_umi	False	0.09608634721787138
TNBC94 extension	30	neighbors_k4	4	0.25	macrophage_identity;hypoxia;log1p_umi	True	0.12625391229851163
TNBC94 extension	30	neighbors_k6	6	0.25	macrophage_identity;hypoxia;log1p_umi	True	0.11980277949039375
TNBC94 extension	30	neighbors_k8	8	0.25	macrophage_identity;hypoxia;log1p_umi	True	0.11430599377055531
TNBC94 extension	30	neighbors_k12	12	0.25	macrophage_identity;hypoxia;log1p_umi	True	0.08910807920719899
TNBC94 extension	30	high_fraction_0.20	6	0.2	macrophage_identity;hypoxia;log1p_umi	True	0.12391365817784979
TNBC94 extension	30	high_fraction_0.25	6	0.25	macrophage_identity;hypoxia;log1p_umi	True	0.11980277949039375
TNBC94 extension	30	high_fraction_0.33	6	0.33	macrophage_identity;hypoxia;log1p_umi	True	0.06809244842087847
TNBC94 extension	30	residual_macrophage_depth	6	0.25	macrophage_identity;log1p_umi	True	0.12137077262546847
TNBC94 extension	30	residual_depth_only	6	0.25	log1p_umi	True	0.19608352823930147
TNBC94 extension	30	residual_plus_fibroblast	6	0.25	macrophage_identity;hypoxia;log1p_umi;fibroblast_ecm	True	0.009172231293527391
TNBC94 extension	30	unstratified_permutation	6	0.25	macrophage_identity;hypoxia;log1p_umi	False	0.11697398922814171
TNBC94 extension	31	neighbors_k4	4	0.25	macrophage_identity;hypoxia;log1p_umi	True	-0.027267460664246533
TNBC94 extension	31	neighbors_k6	6	0.25	macrophage_identity;hypoxia;log1p_umi	True	-0.05424612881306799
TNBC94 extension	31	neighbors_k8	8	0.25	macrophage_identity;hypoxia;log1p_umi	True	-0.05572901126515781
TNBC94 extension	31	neighbors_k12	12	0.25	macrophage_identity;hypoxia;log1p_umi	True	-0.06042723974605168
TNBC94 extension	31	high_fraction_0.20	6	0.2	macrophage_identity;hypoxia;log1p_umi	True	-0.08576604109053734
TNBC94 extension	31	high_fraction_0.25	6	0.25	macrophage_identity;hypoxia;log1p_umi	True	-0.05424612881306799
TNBC94 extension	31	high_fraction_0.33	6	0.33	macrophage_identity;hypoxia;log1p_umi	True	-0.009145638820019904
TNBC94 extension	31	residual_macrophage_depth	6	0.25	macrophage_identity;log1p_umi	True	-0.06405066496559962
TNBC94 extension	31	residual_depth_only	6	0.25	log1p_umi	True	0.003970913965616246
TNBC94 extension	31	residual_plus_fibroblast	6	0.25	macrophage_identity;hypoxia;log1p_umi;fibroblast_ecm	True	-0.11015416022888772
TNBC94 extension	31	unstratified_permutation	6	0.25	macrophage_identity;hypoxia;log1p_umi	False	-0.05026171974345352
TNBC94 extension	32	neighbors_k4	4	0.25	macrophage_identity;hypoxia;log1p_umi	True	0.02771821270838861
TNBC94 extension	32	neighbors_k6	6	0.25	macrophage_identity;hypoxia;log1p_umi	True	0.032948009649478194
TNBC94 extension	32	neighbors_k8	8	0.25	macrophage_identity;hypoxia;log1p_umi	True	0.029131617501724213
TNBC94 extension	32	neighbors_k12	12	0.25	macrophage_identity;hypoxia;log1p_umi	True	0.018287192479257905
TNBC94 extension	32	high_fraction_0.20	6	0.2	macrophage_identity;hypoxia;log1p_umi	True	0.011902776169720478
TNBC94 extension	32	high_fraction_0.25	6	0.25	macrophage_identity;hypoxia;log1p_umi	True	0.032948009649478194
TNBC94 extension	32	high_fraction_0.33	6	0.33	macrophage_identity;hypoxia;log1p_umi	True	0.0135157681879719
TNBC94 extension	32	residual_macrophage_depth	6	0.25	macrophage_identity;log1p_umi	True	-0.009459538276356769
TNBC94 extension	32	residual_depth_only	6	0.25	log1p_umi	True	0.12852529808934765
TNBC94 extension	32	residual_plus_fibroblast	6	0.25	macrophage_identity;hypoxia;log1p_umi;fibroblast_ecm	True	-0.01859070356123975
TNBC94 extension	32	unstratified_permutation	6	0.25	macrophage_identity;hypoxia;log1p_umi	False	0.04653389511750824
TNBC94 extension	33	neighbors_k4	4	0.25	macrophage_identity;hypoxia;log1p_umi	True	0.21457409153534607
TNBC94 extension	33	neighbors_k6	6	0.25	macrophage_identity;hypoxia;log1p_umi	True	0.1964978595467767
TNBC94 extension	33	neighbors_k8	8	0.25	macrophage_identity;hypoxia;log1p_umi	True	0.19708479182009198
TNBC94 extension	33	neighbors_k12	12	0.25	macrophage_identity;hypoxia;log1p_umi	True	0.18245589728846923
TNBC94 extension	33	high_fraction_0.20	6	0.2	macrophage_identity;hypoxia;log1p_umi	True	0.20651177101703994
TNBC94 extension	33	high_fraction_0.25	6	0.25	macrophage_identity;hypoxia;log1p_umi	True	0.1964978595467767
TNBC94 extension	33	high_fraction_0.33	6	0.33	macrophage_identity;hypoxia;log1p_umi	True	0.15240976393752603
TNBC94 extension	33	residual_macrophage_depth	6	0.25	macrophage_identity;log1p_umi	True	0.1982902449001427
TNBC94 extension	33	residual_depth_only	6	0.25	log1p_umi	True	0.26867887602243806
TNBC94 extension	33	residual_plus_fibroblast	6	0.25	macrophage_identity;hypoxia;log1p_umi;fibroblast_ecm	True	0.1043793791925886
TNBC94 extension	33	unstratified_permutation	6	0.25	macrophage_identity;hypoxia;log1p_umi	False	0.22456390000595744
TNBC94 extension	34	neighbors_k4	4	0.25	macrophage_identity;hypoxia;log1p_umi	True	0.15123395251713806
TNBC94 extension	34	neighbors_k6	6	0.25	macrophage_identity;hypoxia;log1p_umi	True	0.12233694248255875
TNBC94 extension	34	neighbors_k8	8	0.25	macrophage_identity;hypoxia;log1p_umi	True	0.11827959593420997
TNBC94 extension	34	neighbors_k12	12	0.25	macrophage_identity;hypoxia;log1p_umi	True	0.12319685471038168
TNBC94 extension	34	high_fraction_0.20	6	0.2	macrophage_identity;hypoxia;log1p_umi	True	0.0941121448849444
TNBC94 extension	34	high_fraction_0.25	6	0.25	macrophage_identity;hypoxia;log1p_umi	True	0.12233694248255875
TNBC94 extension	34	high_fraction_0.33	6	0.33	macrophage_identity;hypoxia;log1p_umi	True	0.10874836674609822
TNBC94 extension	34	residual_macrophage_depth	6	0.25	macrophage_identity;log1p_umi	True	0.11069982541473435
TNBC94 extension	34	residual_depth_only	6	0.25	log1p_umi	True	0.16669971021750604
TNBC94 extension	34	residual_plus_fibroblast	6	0.25	macrophage_identity;hypoxia;log1p_umi;fibroblast_ecm	True	0.08611035114191196
TNBC94 extension	34	unstratified_permutation	6	0.25	macrophage_identity;hypoxia;log1p_umi	False	0.17012238294325255
TNBC94 extension	35	neighbors_k4	4	0.25	macrophage_identity;hypoxia;log1p_umi	True	0.220716152957291
TNBC94 extension	35	neighbors_k6	6	0.25	macrophage_identity;hypoxia;log1p_umi	True	0.21369814903046602
TNBC94 extension	35	neighbors_k8	8	0.25	macrophage_identity;hypoxia;log1p_umi	True	0.20556929792819173
TNBC94 extension	35	neighbors_k12	12	0.25	macrophage_identity;hypoxia;log1p_umi	True	0.18614640233736773
TNBC94 extension	35	high_fraction_0.20	6	0.2	macrophage_identity;hypoxia;log1p_umi	True	0.29026472795902764
TNBC94 extension	35	high_fraction_0.25	6	0.25	macrophage_identity;hypoxia;log1p_umi	True	0.21369814903046602
TNBC94 extension	35	high_fraction_0.33	6	0.33	macrophage_identity;hypoxia;log1p_umi	True	0.1690488224237045
TNBC94 extension	35	residual_macrophage_depth	6	0.25	macrophage_identity;log1p_umi	True	0.2498103037627077
TNBC94 extension	35	residual_depth_only	6	0.25	log1p_umi	True	0.48184461045214544
TNBC94 extension	35	residual_plus_fibroblast	6	0.25	macrophage_identity;hypoxia;log1p_umi;fibroblast_ecm	True	0.1710595567863397
TNBC94 extension	35	unstratified_permutation	6	0.25	macrophage_identity;hypoxia;log1p_umi	False	0.3230270175553452
TNBC94 extension	36	neighbors_k4	4	0.25	macrophage_identity;hypoxia;log1p_umi	True	-0.05035855746150139
TNBC94 extension	36	neighbors_k6	6	0.25	macrophage_identity;hypoxia;log1p_umi	True	-0.050724937467217686
TNBC94 extension	36	neighbors_k8	8	0.25	macrophage_identity;hypoxia;log1p_umi	True	-0.04691290619125178
TNBC94 extension	36	neighbors_k12	12	0.25	macrophage_identity;hypoxia;log1p_umi	True	-0.03772099512549231
TNBC94 extension	36	high_fraction_0.20	6	0.2	macrophage_identity;hypoxia;log1p_umi	True	-0.05323697322994276
TNBC94 extension	36	high_fraction_0.25	6	0.25	macrophage_identity;hypoxia;log1p_umi	True	-0.050724937467217686
TNBC94 extension	36	high_fraction_0.33	6	0.33	macrophage_identity;hypoxia;log1p_umi	True	-0.0418559830067039
TNBC94 extension	36	residual_macrophage_depth	6	0.25	macrophage_identity;log1p_umi	True	-0.04862747943386668
TNBC94 extension	36	residual_depth_only	6	0.25	log1p_umi	True	-0.0012370661232174451
TNBC94 extension	36	residual_plus_fibroblast	6	0.25	macrophage_identity;hypoxia;log1p_umi;fibroblast_ecm	True	-0.09075041940566678
TNBC94 extension	36	unstratified_permutation	6	0.25	macrophage_identity;hypoxia;log1p_umi	False	-0.021841638872095753
TNBC94 extension	37	neighbors_k4	4	0.25	macrophage_identity;hypoxia;log1p_umi	True	0.15384675966692685
TNBC94 extension	37	neighbors_k6	6	0.25	macrophage_identity;hypoxia;log1p_umi	True	0.15138461683166435
TNBC94 extension	37	neighbors_k8	8	0.25	macrophage_identity;hypoxia;log1p_umi	True	0.149662410738222
TNBC94 extension	37	neighbors_k12	12	0.25	macrophage_identity;hypoxia;log1p_umi	True	0.13990521253885552
TNBC94 extension	37	high_fraction_0.20	6	0.2	macrophage_identity;hypoxia;log1p_umi	True	0.13581921672844352
TNBC94 extension	37	high_fraction_0.25	6	0.25	macrophage_identity;hypoxia;log1p_umi	True	0.15138461683166435
TNBC94 extension	37	high_fraction_0.33	6	0.33	macrophage_identity;hypoxia;log1p_umi	True	0.15702317255170375
TNBC94 extension	37	residual_macrophage_depth	6	0.25	macrophage_identity;log1p_umi	True	0.1489540568316743
TNBC94 extension	37	residual_depth_only	6	0.25	log1p_umi	True	0.28992066315471515
TNBC94 extension	37	residual_plus_fibroblast	6	0.25	macrophage_identity;hypoxia;log1p_umi;fibroblast_ecm	True	0.07290126674632241
TNBC94 extension	37	unstratified_permutation	6	0.25	macrophage_identity;hypoxia;log1p_umi	False	0.15473838613501753
TNBC94 extension	38	neighbors_k4	4	0.25	macrophage_identity;hypoxia;log1p_umi	True	-0.006281970571014778
TNBC94 extension	38	neighbors_k6	6	0.25	macrophage_identity;hypoxia;log1p_umi	True	-0.032621642574682155
TNBC94 extension	38	neighbors_k8	8	0.25	macrophage_identity;hypoxia;log1p_umi	True	-0.02652714986893527
TNBC94 extension	38	neighbors_k12	12	0.25	macrophage_identity;hypoxia;log1p_umi	True	-0.037564918127653134
TNBC94 extension	38	high_fraction_0.20	6	0.2	macrophage_identity;hypoxia;log1p_umi	True	-0.041321552918981146
TNBC94 extension	38	high_fraction_0.25	6	0.25	macrophage_identity;hypoxia;log1p_umi	True	-0.032621642574682155
TNBC94 extension	38	high_fraction_0.33	6	0.33	macrophage_identity;hypoxia;log1p_umi	True	-0.03234805056150172
TNBC94 extension	38	residual_macrophage_depth	6	0.25	macrophage_identity;log1p_umi	True	-0.05192306731996525
TNBC94 extension	38	residual_depth_only	6	0.25	log1p_umi	True	0.00488234882435972
TNBC94 extension	38	residual_plus_fibroblast	6	0.25	macrophage_identity;hypoxia;log1p_umi;fibroblast_ecm	True	-0.07059764127799287
TNBC94 extension	38	unstratified_permutation	6	0.25	macrophage_identity;hypoxia;log1p_umi	False	-0.03600164012464432
TNBC94 extension	39	neighbors_k4	4	0.25	macrophage_identity;hypoxia;log1p_umi	True	0.005320502830058072
TNBC94 extension	39	neighbors_k6	6	0.25	macrophage_identity;hypoxia;log1p_umi	True	-0.019168236194036795
TNBC94 extension	39	neighbors_k8	8	0.25	macrophage_identity;hypoxia;log1p_umi	True	-0.02439355947864017
TNBC94 extension	39	neighbors_k12	12	0.25	macrophage_identity;hypoxia;log1p_umi	True	-0.02991157558936138
TNBC94 extension	39	high_fraction_0.20	6	0.2	macrophage_identity;hypoxia;log1p_umi	True	0.008731759689939625
TNBC94 extension	39	high_fraction_0.25	6	0.25	macrophage_identity;hypoxia;log1p_umi	True	-0.019168236194036795
TNBC94 extension	39	high_fraction_0.33	6	0.33	macrophage_identity;hypoxia;log1p_umi	True	-0.04600964852859342
TNBC94 extension	39	residual_macrophage_depth	6	0.25	macrophage_identity;log1p_umi	True	-0.04253099718985862
TNBC94 extension	39	residual_depth_only	6	0.25	log1p_umi	True	0.025957217172961587
TNBC94 extension	39	residual_plus_fibroblast	6	0.25	macrophage_identity;hypoxia;log1p_umi;fibroblast_ecm	True	-0.05342385243414473
TNBC94 extension	39	unstratified_permutation	6	0.25	macrophage_identity;hypoxia;log1p_umi	False	0.0059776396853184685
TNBC94 extension	40	neighbors_k4	4	0.25	macrophage_identity;hypoxia;log1p_umi	True	0.062395084545109836
TNBC94 extension	40	neighbors_k6	6	0.25	macrophage_identity;hypoxia;log1p_umi	True	0.028163796692558307
TNBC94 extension	40	neighbors_k8	8	0.25	macrophage_identity;hypoxia;log1p_umi	True	0.0389649903824309
TNBC94 extension	40	neighbors_k12	12	0.25	macrophage_identity;hypoxia;log1p_umi	True	0.034847910773541435
TNBC94 extension	40	high_fraction_0.20	6	0.2	macrophage_identity;hypoxia;log1p_umi	True	0.0633217755377649
TNBC94 extension	40	high_fraction_0.25	6	0.25	macrophage_identity;hypoxia;log1p_umi	True	0.028163796692558307
TNBC94 extension	40	high_fraction_0.33	6	0.33	macrophage_identity;hypoxia;log1p_umi	True	0.04537737036813374
TNBC94 extension	40	residual_macrophage_depth	6	0.25	macrophage_identity;log1p_umi	True	0.03978535552147166
TNBC94 extension	40	residual_depth_only	6	0.25	log1p_umi	True	0.14215671830507784
TNBC94 extension	40	residual_plus_fibroblast	6	0.25	macrophage_identity;hypoxia;log1p_umi;fibroblast_ecm	True	-0.03343867111374954
TNBC94 extension	40	unstratified_permutation	6	0.25	macrophage_identity;hypoxia;log1p_umi	False	-0.0449475233609668
TNBC94 extension	41	neighbors_k4	4	0.25	macrophage_identity;hypoxia;log1p_umi	True	0.23796554560243394
TNBC94 extension	41	neighbors_k6	6	0.25	macrophage_identity;hypoxia;log1p_umi	True	0.23424710240451285
TNBC94 extension	41	neighbors_k8	8	0.25	macrophage_identity;hypoxia;log1p_umi	True	0.22436078078411734
TNBC94 extension	41	neighbors_k12	12	0.25	macrophage_identity;hypoxia;log1p_umi	True	0.21376373192525255
TNBC94 extension	41	high_fraction_0.20	6	0.2	macrophage_identity;hypoxia;log1p_umi	True	0.24031381821171904
TNBC94 extension	41	high_fraction_0.25	6	0.25	macrophage_identity;hypoxia;log1p_umi	True	0.23424710240451285
TNBC94 extension	41	high_fraction_0.33	6	0.33	macrophage_identity;hypoxia;log1p_umi	True	0.19706234757697977
TNBC94 extension	41	residual_macrophage_depth	6	0.25	macrophage_identity;log1p_umi	True	0.2084229057596014
TNBC94 extension	41	residual_depth_only	6	0.25	log1p_umi	True	0.31938300173846157
TNBC94 extension	41	residual_plus_fibroblast	6	0.25	macrophage_identity;hypoxia;log1p_umi;fibroblast_ecm	True	0.1688220790713359
TNBC94 extension	41	unstratified_permutation	6	0.25	macrophage_identity;hypoxia;log1p_umi	False	0.30007899550124945
TNBC94 extension	42	neighbors_k4	4	0.25	macrophage_identity;hypoxia;log1p_umi	True	0.19813655998994897
TNBC94 extension	42	neighbors_k6	6	0.25	macrophage_identity;hypoxia;log1p_umi	True	0.18705453639996067
TNBC94 extension	42	neighbors_k8	8	0.25	macrophage_identity;hypoxia;log1p_umi	True	0.17871041753463823
TNBC94 extension	42	neighbors_k12	12	0.25	macrophage_identity;hypoxia;log1p_umi	True	0.16145004192534057
TNBC94 extension	42	high_fraction_0.20	6	0.2	macrophage_identity;hypoxia;log1p_umi	True	0.24245095454686313
TNBC94 extension	42	high_fraction_0.25	6	0.25	macrophage_identity;hypoxia;log1p_umi	True	0.18705453639996067
TNBC94 extension	42	high_fraction_0.33	6	0.33	macrophage_identity;hypoxia;log1p_umi	True	0.16351203183554047
TNBC94 extension	42	residual_macrophage_depth	6	0.25	macrophage_identity;log1p_umi	True	0.17381995150028323
TNBC94 extension	42	residual_depth_only	6	0.25	log1p_umi	True	0.22509175072195925
TNBC94 extension	42	residual_plus_fibroblast	6	0.25	macrophage_identity;hypoxia;log1p_umi;fibroblast_ecm	True	0.1769614098516509
TNBC94 extension	42	unstratified_permutation	6	0.25	macrophage_identity;hypoxia;log1p_umi	False	0.21321210649439665
TNBC94 extension	43	neighbors_k4	4	0.25	macrophage_identity;hypoxia;log1p_umi	True	0.15162829313891163
TNBC94 extension	43	neighbors_k6	6	0.25	macrophage_identity;hypoxia;log1p_umi	True	0.12615528615917976
TNBC94 extension	43	neighbors_k8	8	0.25	macrophage_identity;hypoxia;log1p_umi	True	0.12344172230791077
TNBC94 extension	43	neighbors_k12	12	0.25	macrophage_identity;hypoxia;log1p_umi	True	0.11830532404533202
TNBC94 extension	43	high_fraction_0.20	6	0.2	macrophage_identity;hypoxia;log1p_umi	True	0.13521025122064004
TNBC94 extension	43	high_fraction_0.25	6	0.25	macrophage_identity;hypoxia;log1p_umi	True	0.12615528615917976
TNBC94 extension	43	high_fraction_0.33	6	0.33	macrophage_identity;hypoxia;log1p_umi	True	0.11731475544130879
TNBC94 extension	43	residual_macrophage_depth	6	0.25	macrophage_identity;log1p_umi	True	0.12615528615917976
TNBC94 extension	43	residual_depth_only	6	0.25	log1p_umi	True	0.19664609219212378
TNBC94 extension	43	residual_plus_fibroblast	6	0.25	macrophage_identity;hypoxia;log1p_umi;fibroblast_ecm	True	0.1030067425086996
TNBC94 extension	43	unstratified_permutation	6	0.25	macrophage_identity;hypoxia;log1p_umi	False	0.1453492993570067
TNBC94 extension	44	neighbors_k4	4	0.25	macrophage_identity;hypoxia;log1p_umi	True	0.013284843709754551
TNBC94 extension	44	neighbors_k6	6	0.25	macrophage_identity;hypoxia;log1p_umi	True	0.013883579316772164
TNBC94 extension	44	neighbors_k8	8	0.25	macrophage_identity;hypoxia;log1p_umi	True	0.02113560618393804
TNBC94 extension	44	neighbors_k12	12	0.25	macrophage_identity;hypoxia;log1p_umi	True	0.009054655146221266
TNBC94 extension	44	high_fraction_0.20	6	0.2	macrophage_identity;hypoxia;log1p_umi	True	-0.0034115380205633344
TNBC94 extension	44	high_fraction_0.25	6	0.25	macrophage_identity;hypoxia;log1p_umi	True	0.013883579316772164
TNBC94 extension	44	high_fraction_0.33	6	0.33	macrophage_identity;hypoxia;log1p_umi	True	0.02558737345688252
TNBC94 extension	44	residual_macrophage_depth	6	0.25	macrophage_identity;log1p_umi	True	0.019638078496331687
TNBC94 extension	44	residual_depth_only	6	0.25	log1p_umi	True	0.05903210684341522
TNBC94 extension	44	residual_plus_fibroblast	6	0.25	macrophage_identity;hypoxia;log1p_umi;fibroblast_ecm	True	-0.06337110576587555
TNBC94 extension	44	unstratified_permutation	6	0.25	macrophage_identity;hypoxia;log1p_umi	False	0.047682478046503274
TNBC94 extension	45	neighbors_k4	4	0.25	macrophage_identity;hypoxia;log1p_umi	True	0.08481316821664973
TNBC94 extension	45	neighbors_k6	6	0.25	macrophage_identity;hypoxia;log1p_umi	True	0.08027664910561605
TNBC94 extension	45	neighbors_k8	8	0.25	macrophage_identity;hypoxia;log1p_umi	True	0.0720076834922388
TNBC94 extension	45	neighbors_k12	12	0.25	macrophage_identity;hypoxia;log1p_umi	True	0.0714084108021783
TNBC94 extension	45	high_fraction_0.20	6	0.2	macrophage_identity;hypoxia;log1p_umi	True	0.07393016801650815
TNBC94 extension	45	high_fraction_0.25	6	0.25	macrophage_identity;hypoxia;log1p_umi	True	0.08027664910561605
TNBC94 extension	45	high_fraction_0.33	6	0.33	macrophage_identity;hypoxia;log1p_umi	True	0.07483280253979929
TNBC94 extension	45	residual_macrophage_depth	6	0.25	macrophage_identity;log1p_umi	True	0.07455607715114893
TNBC94 extension	45	residual_depth_only	6	0.25	log1p_umi	True	0.08414204466813117
TNBC94 extension	45	residual_plus_fibroblast	6	0.25	macrophage_identity;hypoxia;log1p_umi;fibroblast_ecm	True	0.008645620173010633
TNBC94 extension	45	unstratified_permutation	6	0.25	macrophage_identity;hypoxia;log1p_umi	False	0.10140946226677673
TNBC94 extension	46	neighbors_k4	4	0.25	macrophage_identity;hypoxia;log1p_umi	True	0.04660516866415969
TNBC94 extension	46	neighbors_k6	6	0.25	macrophage_identity;hypoxia;log1p_umi	True	0.033351855009080965
TNBC94 extension	46	neighbors_k8	8	0.25	macrophage_identity;hypoxia;log1p_umi	True	0.011995370398971347
TNBC94 extension	46	neighbors_k12	12	0.25	macrophage_identity;hypoxia;log1p_umi	True	0.0028446022398692893
TNBC94 extension	46	high_fraction_0.20	6	0.2	macrophage_identity;hypoxia;log1p_umi	True	-0.007774574094877206
TNBC94 extension	46	high_fraction_0.25	6	0.25	macrophage_identity;hypoxia;log1p_umi	True	0.033351855009080965
TNBC94 extension	46	high_fraction_0.33	6	0.33	macrophage_identity;hypoxia;log1p_umi	True	0.05394460397611227
TNBC94 extension	46	residual_macrophage_depth	6	0.25	macrophage_identity;log1p_umi	True	0.014736145729033354
TNBC94 extension	46	residual_depth_only	6	0.25	log1p_umi	True	0.04956575159814007
TNBC94 extension	46	residual_plus_fibroblast	6	0.25	macrophage_identity;hypoxia;log1p_umi;fibroblast_ecm	True	-0.02685574894402281
TNBC94 extension	46	unstratified_permutation	6	0.25	macrophage_identity;hypoxia;log1p_umi	False	0.05486295089334386
TNBC94 extension	47	neighbors_k4	4	0.25	macrophage_identity;hypoxia;log1p_umi	True	0.0995101314273276
TNBC94 extension	47	neighbors_k6	6	0.25	macrophage_identity;hypoxia;log1p_umi	True	0.09638056369266262
TNBC94 extension	47	neighbors_k8	8	0.25	macrophage_identity;hypoxia;log1p_umi	True	0.0954394711430655
TNBC94 extension	47	neighbors_k12	12	0.25	macrophage_identity;hypoxia;log1p_umi	True	0.09135196137830347
TNBC94 extension	47	high_fraction_0.20	6	0.2	macrophage_identity;hypoxia;log1p_umi	True	0.11294531500747589
TNBC94 extension	47	high_fraction_0.25	6	0.25	macrophage_identity;hypoxia;log1p_umi	True	0.09638056369266262
TNBC94 extension	47	high_fraction_0.33	6	0.33	macrophage_identity;hypoxia;log1p_umi	True	0.1066619183544907
TNBC94 extension	47	residual_macrophage_depth	6	0.25	macrophage_identity;log1p_umi	True	0.08358476355095258
TNBC94 extension	47	residual_depth_only	6	0.25	log1p_umi	True	0.15814172548019392
TNBC94 extension	47	residual_plus_fibroblast	6	0.25	macrophage_identity;hypoxia;log1p_umi;fibroblast_ecm	True	0.04370918728085701
TNBC94 extension	47	unstratified_permutation	6	0.25	macrophage_identity;hypoxia;log1p_umi	False	0.09614045381694498
TNBC94 extension	48	neighbors_k4	4	0.25	macrophage_identity;hypoxia;log1p_umi	True	0.041415527909785456
TNBC94 extension	48	neighbors_k6	6	0.25	macrophage_identity;hypoxia;log1p_umi	True	0.04120856715617785
TNBC94 extension	48	neighbors_k8	8	0.25	macrophage_identity;hypoxia;log1p_umi	True	0.03306121587456074
TNBC94 extension	48	neighbors_k12	12	0.25	macrophage_identity;hypoxia;log1p_umi	True	0.013465352095167298
TNBC94 extension	48	high_fraction_0.20	6	0.2	macrophage_identity;hypoxia;log1p_umi	True	0.04579438256825143
TNBC94 extension	48	high_fraction_0.25	6	0.25	macrophage_identity;hypoxia;log1p_umi	True	0.04120856715617785
TNBC94 extension	48	high_fraction_0.33	6	0.33	macrophage_identity;hypoxia;log1p_umi	True	0.0675692593116966
TNBC94 extension	48	residual_macrophage_depth	6	0.25	macrophage_identity;log1p_umi	True	0.04102816272804298
TNBC94 extension	48	residual_depth_only	6	0.25	log1p_umi	True	0.008193000687249362
TNBC94 extension	48	residual_plus_fibroblast	6	0.25	macrophage_identity;hypoxia;log1p_umi;fibroblast_ecm	True	0.02802364525908873
TNBC94 extension	48	unstratified_permutation	6	0.25	macrophage_identity;hypoxia;log1p_umi	False	0.03033419124413242
TNBC94 extension	49	neighbors_k4	4	0.25	macrophage_identity;hypoxia;log1p_umi	True	0.13385926818112776
TNBC94 extension	49	neighbors_k6	6	0.25	macrophage_identity;hypoxia;log1p_umi	True	0.12543677560866742
TNBC94 extension	49	neighbors_k8	8	0.25	macrophage_identity;hypoxia;log1p_umi	True	0.10010079493535094
TNBC94 extension	49	neighbors_k12	12	0.25	macrophage_identity;hypoxia;log1p_umi	True	0.13966807696178143
TNBC94 extension	49	high_fraction_0.20	6	0.2	macrophage_identity;hypoxia;log1p_umi	True	0.11531443085854635
TNBC94 extension	49	high_fraction_0.25	6	0.25	macrophage_identity;hypoxia;log1p_umi	True	0.12543677560866742
TNBC94 extension	49	high_fraction_0.33	6	0.33	macrophage_identity;hypoxia;log1p_umi	True	0.12898607268297996
TNBC94 extension	49	residual_macrophage_depth	6	0.25	macrophage_identity;log1p_umi	True	0.09371761232509529
TNBC94 extension	49	residual_depth_only	6	0.25	log1p_umi	True	0.19332164994123638
TNBC94 extension	49	residual_plus_fibroblast	6	0.25	macrophage_identity;hypoxia;log1p_umi;fibroblast_ecm	True	0.08827638681205123
TNBC94 extension	49	unstratified_permutation	6	0.25	macrophage_identity;hypoxia;log1p_umi	False	0.04501763218574019
TNBC94 extension	50	neighbors_k4	4	0.25	macrophage_identity;hypoxia;log1p_umi	True	0.031093000993200032
TNBC94 extension	50	neighbors_k6	6	0.25	macrophage_identity;hypoxia;log1p_umi	True	0.03541696285104229
TNBC94 extension	50	neighbors_k8	8	0.25	macrophage_identity;hypoxia;log1p_umi	True	0.031085756189750485
TNBC94 extension	50	neighbors_k12	12	0.25	macrophage_identity;hypoxia;log1p_umi	True	0.007855050587225326
TNBC94 extension	50	high_fraction_0.20	6	0.2	macrophage_identity;hypoxia;log1p_umi	True	0.07669512624699426
TNBC94 extension	50	high_fraction_0.25	6	0.25	macrophage_identity;hypoxia;log1p_umi	True	0.03541696285104229
TNBC94 extension	50	high_fraction_0.33	6	0.33	macrophage_identity;hypoxia;log1p_umi	True	0.06208864616399937
TNBC94 extension	50	residual_macrophage_depth	6	0.25	macrophage_identity;log1p_umi	True	0.04666734473418188
TNBC94 extension	50	residual_depth_only	6	0.25	log1p_umi	True	0.235158849892253
TNBC94 extension	50	residual_plus_fibroblast	6	0.25	macrophage_identity;hypoxia;log1p_umi;fibroblast_ecm	True	0.07060350369799442
TNBC94 extension	50	unstratified_permutation	6	0.25	macrophage_identity;hypoxia;log1p_umi	False	0.1878528524750971
TNBC94 extension	51	neighbors_k4	4	0.25	macrophage_identity;hypoxia;log1p_umi	True	0.16436304383914876
TNBC94 extension	51	neighbors_k6	6	0.25	macrophage_identity;hypoxia;log1p_umi	True	0.14530853222486861
TNBC94 extension	51	neighbors_k8	8	0.25	macrophage_identity;hypoxia;log1p_umi	True	0.13759333648322272
TNBC94 extension	51	neighbors_k12	12	0.25	macrophage_identity;hypoxia;log1p_umi	True	0.12467450571090967
TNBC94 extension	51	high_fraction_0.20	6	0.2	macrophage_identity;hypoxia;log1p_umi	True	0.17345857519513105
TNBC94 extension	51	high_fraction_0.25	6	0.25	macrophage_identity;hypoxia;log1p_umi	True	0.14530853222486861
TNBC94 extension	51	high_fraction_0.33	6	0.33	macrophage_identity;hypoxia;log1p_umi	True	0.14622233766224496
TNBC94 extension	51	residual_macrophage_depth	6	0.25	macrophage_identity;log1p_umi	True	0.1457767770799327
TNBC94 extension	51	residual_depth_only	6	0.25	log1p_umi	True	0.17061597994725186
TNBC94 extension	51	residual_plus_fibroblast	6	0.25	macrophage_identity;hypoxia;log1p_umi;fibroblast_ecm	True	0.10466955444426271
TNBC94 extension	51	unstratified_permutation	6	0.25	macrophage_identity;hypoxia;log1p_umi	False	0.1518981439961699
TNBC94 extension	52	neighbors_k4	4	0.25	macrophage_identity;hypoxia;log1p_umi	True	-0.061014092104351436
TNBC94 extension	52	neighbors_k6	6	0.25	macrophage_identity;hypoxia;log1p_umi	True	-0.03999033906249447
TNBC94 extension	52	neighbors_k8	8	0.25	macrophage_identity;hypoxia;log1p_umi	True	-0.03622441119300472
TNBC94 extension	52	neighbors_k12	12	0.25	macrophage_identity;hypoxia;log1p_umi	True	-0.01909479197261052
TNBC94 extension	52	high_fraction_0.20	6	0.2	macrophage_identity;hypoxia;log1p_umi	True	0.013108536733956344
TNBC94 extension	52	high_fraction_0.25	6	0.25	macrophage_identity;hypoxia;log1p_umi	True	-0.03999033906249447
TNBC94 extension	52	high_fraction_0.33	6	0.33	macrophage_identity;hypoxia;log1p_umi	True	0.005749707078570539
TNBC94 extension	52	residual_macrophage_depth	6	0.25	macrophage_identity;log1p_umi	True	-0.053596020874629516
TNBC94 extension	52	residual_depth_only	6	0.25	log1p_umi	True	0.21853707051944332
TNBC94 extension	52	residual_plus_fibroblast	6	0.25	macrophage_identity;hypoxia;log1p_umi;fibroblast_ecm	True	-0.05949906877761804
TNBC94 extension	52	unstratified_permutation	6	0.25	macrophage_identity;hypoxia;log1p_umi	False	-0.008756283052868907
TNBC94 extension	53	neighbors_k4	4	0.25	macrophage_identity;hypoxia;log1p_umi	True	-0.03939700454200557
TNBC94 extension	53	neighbors_k6	6	0.25	macrophage_identity;hypoxia;log1p_umi	True	-0.02709213999960779
TNBC94 extension	53	neighbors_k8	8	0.25	macrophage_identity;hypoxia;log1p_umi	True	-0.031689615975194776
TNBC94 extension	53	neighbors_k12	12	0.25	macrophage_identity;hypoxia;log1p_umi	True	-0.03563130074522155
TNBC94 extension	53	high_fraction_0.20	6	0.2	macrophage_identity;hypoxia;log1p_umi	True	-0.034898663359174124
TNBC94 extension	53	high_fraction_0.25	6	0.25	macrophage_identity;hypoxia;log1p_umi	True	-0.02709213999960779
TNBC94 extension	53	high_fraction_0.33	6	0.33	macrophage_identity;hypoxia;log1p_umi	True	-0.0010588285047688478
TNBC94 extension	53	residual_macrophage_depth	6	0.25	macrophage_identity;log1p_umi	True	-0.1381278172476467
TNBC94 extension	53	residual_depth_only	6	0.25	log1p_umi	True	-0.1160133790812931
TNBC94 extension	53	residual_plus_fibroblast	6	0.25	macrophage_identity;hypoxia;log1p_umi;fibroblast_ecm	True	-0.030796142047627553
TNBC94 extension	53	unstratified_permutation	6	0.25	macrophage_identity;hypoxia;log1p_umi	False	-0.02454027996625072
TNBC94 extension	54	neighbors_k4	4	0.25	macrophage_identity;hypoxia;log1p_umi	True	0.2889336211961112
TNBC94 extension	54	neighbors_k6	6	0.25	macrophage_identity;hypoxia;log1p_umi	True	0.2859991132391172
TNBC94 extension	54	neighbors_k8	8	0.25	macrophage_identity;hypoxia;log1p_umi	True	0.2803729027214764
TNBC94 extension	54	neighbors_k12	12	0.25	macrophage_identity;hypoxia;log1p_umi	True	0.28098596972070283
TNBC94 extension	54	high_fraction_0.20	6	0.2	macrophage_identity;hypoxia;log1p_umi	True	0.30817482564312393
TNBC94 extension	54	high_fraction_0.25	6	0.25	macrophage_identity;hypoxia;log1p_umi	True	0.2859991132391172
TNBC94 extension	54	high_fraction_0.33	6	0.33	macrophage_identity;hypoxia;log1p_umi	True	0.2575850539205524
TNBC94 extension	54	residual_macrophage_depth	6	0.25	macrophage_identity;log1p_umi	True	0.2886241634252768
TNBC94 extension	54	residual_depth_only	6	0.25	log1p_umi	True	0.3046289469550797
TNBC94 extension	54	residual_plus_fibroblast	6	0.25	macrophage_identity;hypoxia;log1p_umi;fibroblast_ecm	True	0.14604948780005927
TNBC94 extension	54	unstratified_permutation	6	0.25	macrophage_identity;hypoxia;log1p_umi	False	0.3330953378506871
TNBC94 extension	55	neighbors_k4	4	0.25	macrophage_identity;hypoxia;log1p_umi	True	-0.22444675061419198
TNBC94 extension	55	neighbors_k6	6	0.25	macrophage_identity;hypoxia;log1p_umi	True	-0.23283868371112929
TNBC94 extension	55	neighbors_k8	8	0.25	macrophage_identity;hypoxia;log1p_umi	True	-0.22803742160982376
TNBC94 extension	55	neighbors_k12	12	0.25	macrophage_identity;hypoxia;log1p_umi	True	-0.2276835190333065
TNBC94 extension	55	high_fraction_0.20	6	0.2	macrophage_identity;hypoxia;log1p_umi	True	-0.3006239264245621
TNBC94 extension	55	high_fraction_0.25	6	0.25	macrophage_identity;hypoxia;log1p_umi	True	-0.23283868371112929
TNBC94 extension	55	high_fraction_0.33	6	0.33	macrophage_identity;hypoxia;log1p_umi	True	-0.15655564820772838
TNBC94 extension	55	residual_macrophage_depth	6	0.25	macrophage_identity;log1p_umi	True	-0.20559991463168453
TNBC94 extension	55	residual_depth_only	6	0.25	log1p_umi	True	-0.24106448822563503
TNBC94 extension	55	residual_plus_fibroblast	6	0.25	macrophage_identity;hypoxia;log1p_umi;fibroblast_ecm	True	-0.2582933111407611
TNBC94 extension	55	unstratified_permutation	6	0.25	macrophage_identity;hypoxia;log1p_umi	False	-0.23012724840621007
TNBC94 extension	56	neighbors_k4	4	0.25	macrophage_identity;hypoxia;log1p_umi	True	0.11194841959612607
TNBC94 extension	56	neighbors_k6	6	0.25	macrophage_identity;hypoxia;log1p_umi	True	0.1096768581139516
TNBC94 extension	56	neighbors_k8	8	0.25	macrophage_identity;hypoxia;log1p_umi	True	0.09291123806971666
TNBC94 extension	56	neighbors_k12	12	0.25	macrophage_identity;hypoxia;log1p_umi	True	0.08119093348629733
TNBC94 extension	56	high_fraction_0.20	6	0.2	macrophage_identity;hypoxia;log1p_umi	True	0.1215526791715043
TNBC94 extension	56	high_fraction_0.25	6	0.25	macrophage_identity;hypoxia;log1p_umi	True	0.1096768581139516
TNBC94 extension	56	high_fraction_0.33	6	0.33	macrophage_identity;hypoxia;log1p_umi	True	0.11607790751784275
TNBC94 extension	56	residual_macrophage_depth	6	0.25	macrophage_identity;log1p_umi	True	0.10866740226825364
TNBC94 extension	56	residual_depth_only	6	0.25	log1p_umi	True	0.2132926320344242
TNBC94 extension	56	residual_plus_fibroblast	6	0.25	macrophage_identity;hypoxia;log1p_umi;fibroblast_ecm	True	0.08380527660837803
TNBC94 extension	56	unstratified_permutation	6	0.25	macrophage_identity;hypoxia;log1p_umi	False	0.1499578837081067
TNBC94 extension	57	neighbors_k4	4	0.25	macrophage_identity;hypoxia;log1p_umi	True	0.23956556546221647
TNBC94 extension	57	neighbors_k6	6	0.25	macrophage_identity;hypoxia;log1p_umi	True	0.21776955418338215
TNBC94 extension	57	neighbors_k8	8	0.25	macrophage_identity;hypoxia;log1p_umi	True	0.2233873704023818
TNBC94 extension	57	neighbors_k12	12	0.25	macrophage_identity;hypoxia;log1p_umi	True	0.20755566319876295
TNBC94 extension	57	high_fraction_0.20	6	0.2	macrophage_identity;hypoxia;log1p_umi	True	0.24976365869706707
TNBC94 extension	57	high_fraction_0.25	6	0.25	macrophage_identity;hypoxia;log1p_umi	True	0.21776955418338215
TNBC94 extension	57	high_fraction_0.33	6	0.33	macrophage_identity;hypoxia;log1p_umi	True	0.2066874908293144
TNBC94 extension	57	residual_macrophage_depth	6	0.25	macrophage_identity;log1p_umi	True	0.21669834763473522
TNBC94 extension	57	residual_depth_only	6	0.25	log1p_umi	True	0.2974159731601347
TNBC94 extension	57	residual_plus_fibroblast	6	0.25	macrophage_identity;hypoxia;log1p_umi;fibroblast_ecm	True	0.11227222747696233
TNBC94 extension	57	unstratified_permutation	6	0.25	macrophage_identity;hypoxia;log1p_umi	False	0.25360780806388256
TNBC94 extension	58	neighbors_k4	4	0.25	macrophage_identity;hypoxia;log1p_umi	True	0.058226647665081344
TNBC94 extension	58	neighbors_k6	6	0.25	macrophage_identity;hypoxia;log1p_umi	True	0.05273655773768959
TNBC94 extension	58	neighbors_k8	8	0.25	macrophage_identity;hypoxia;log1p_umi	True	0.04602601455742703
TNBC94 extension	58	neighbors_k12	12	0.25	macrophage_identity;hypoxia;log1p_umi	True	0.05817984985339783
TNBC94 extension	58	high_fraction_0.20	6	0.2	macrophage_identity;hypoxia;log1p_umi	True	0.02299927072102594
TNBC94 extension	58	high_fraction_0.25	6	0.25	macrophage_identity;hypoxia;log1p_umi	True	0.05273655773768959
TNBC94 extension	58	high_fraction_0.33	6	0.33	macrophage_identity;hypoxia;log1p_umi	True	0.04709400834228006
TNBC94 extension	58	residual_macrophage_depth	6	0.25	macrophage_identity;log1p_umi	True	-0.030074780193180464
TNBC94 extension	58	residual_depth_only	6	0.25	log1p_umi	True	0.030386718445616287
TNBC94 extension	58	residual_plus_fibroblast	6	0.25	macrophage_identity;hypoxia;log1p_umi;fibroblast_ecm	True	-0.027753278343363684
TNBC94 extension	58	unstratified_permutation	6	0.25	macrophage_identity;hypoxia;log1p_umi	False	0.07556643364039117
TNBC94 extension	59	neighbors_k4	4	0.25	macrophage_identity;hypoxia;log1p_umi	True	0.1828297696085422
TNBC94 extension	59	neighbors_k6	6	0.25	macrophage_identity;hypoxia;log1p_umi	True	0.1755486860982842
TNBC94 extension	59	neighbors_k8	8	0.25	macrophage_identity;hypoxia;log1p_umi	True	0.17995689332397827
TNBC94 extension	59	neighbors_k12	12	0.25	macrophage_identity;hypoxia;log1p_umi	True	0.18251801098832002
TNBC94 extension	59	high_fraction_0.20	6	0.2	macrophage_identity;hypoxia;log1p_umi	True	0.15832107569901108
TNBC94 extension	59	high_fraction_0.25	6	0.25	macrophage_identity;hypoxia;log1p_umi	True	0.1755486860982842
TNBC94 extension	59	high_fraction_0.33	6	0.33	macrophage_identity;hypoxia;log1p_umi	True	0.16756692383344324
TNBC94 extension	59	residual_macrophage_depth	6	0.25	macrophage_identity;log1p_umi	True	0.18784533300633097
TNBC94 extension	59	residual_depth_only	6	0.25	log1p_umi	True	0.28142104148602115
TNBC94 extension	59	residual_plus_fibroblast	6	0.25	macrophage_identity;hypoxia;log1p_umi;fibroblast_ecm	True	0.01136826912181885
TNBC94 extension	59	unstratified_permutation	6	0.25	macrophage_identity;hypoxia;log1p_umi	False	0.18873938131900198
TNBC94 extension	60	neighbors_k4	4	0.25	macrophage_identity;hypoxia;log1p_umi	True	0.018099047473923678
TNBC94 extension	60	neighbors_k6	6	0.25	macrophage_identity;hypoxia;log1p_umi	True	0.01749434887170393
TNBC94 extension	60	neighbors_k8	8	0.25	macrophage_identity;hypoxia;log1p_umi	True	0.022709418039198924
TNBC94 extension	60	neighbors_k12	12	0.25	macrophage_identity;hypoxia;log1p_umi	True	0.018909231049203938
TNBC94 extension	60	high_fraction_0.20	6	0.2	macrophage_identity;hypoxia;log1p_umi	True	0.017812947933067577
TNBC94 extension	60	high_fraction_0.25	6	0.25	macrophage_identity;hypoxia;log1p_umi	True	0.01749434887170393
TNBC94 extension	60	high_fraction_0.33	6	0.33	macrophage_identity;hypoxia;log1p_umi	True	0.03894998655751733
TNBC94 extension	60	residual_macrophage_depth	6	0.25	macrophage_identity;log1p_umi	True	-0.002441724936428526
TNBC94 extension	60	residual_depth_only	6	0.25	log1p_umi	True	0.1477578295838056
TNBC94 extension	60	residual_plus_fibroblast	6	0.25	macrophage_identity;hypoxia;log1p_umi;fibroblast_ecm	True	-0.004197754533809318
TNBC94 extension	60	unstratified_permutation	6	0.25	macrophage_identity;hypoxia;log1p_umi	False	0.01968116268088977
TNBC94 extension	61	neighbors_k4	4	0.25	macrophage_identity;hypoxia;log1p_umi	True	-0.016427146174284053
TNBC94 extension	61	neighbors_k6	6	0.25	macrophage_identity;hypoxia;log1p_umi	True	-0.028291678004549424
TNBC94 extension	61	neighbors_k8	8	0.25	macrophage_identity;hypoxia;log1p_umi	True	-0.021617631253973865
TNBC94 extension	61	neighbors_k12	12	0.25	macrophage_identity;hypoxia;log1p_umi	True	-0.022008737163198663
TNBC94 extension	61	high_fraction_0.20	6	0.2	macrophage_identity;hypoxia;log1p_umi	True	-0.05882150833695304
TNBC94 extension	61	high_fraction_0.25	6	0.25	macrophage_identity;hypoxia;log1p_umi	True	-0.028291678004549424
TNBC94 extension	61	high_fraction_0.33	6	0.33	macrophage_identity;hypoxia;log1p_umi	True	-0.0241048155913869
TNBC94 extension	61	residual_macrophage_depth	6	0.25	macrophage_identity;log1p_umi	True	-0.07463693709612515
TNBC94 extension	61	residual_depth_only	6	0.25	log1p_umi	True	-0.04393944721766979
TNBC94 extension	61	residual_plus_fibroblast	6	0.25	macrophage_identity;hypoxia;log1p_umi;fibroblast_ecm	True	-0.06196084966528871
TNBC94 extension	61	unstratified_permutation	6	0.25	macrophage_identity;hypoxia;log1p_umi	False	-0.015044394522405788
TNBC94 extension	62	neighbors_k4	4	0.25	macrophage_identity;hypoxia;log1p_umi	True	0.09240896149242106
TNBC94 extension	62	neighbors_k6	6	0.25	macrophage_identity;hypoxia;log1p_umi	True	0.08830421360362224
TNBC94 extension	62	neighbors_k8	8	0.25	macrophage_identity;hypoxia;log1p_umi	True	0.07179904305868418
TNBC94 extension	62	neighbors_k12	12	0.25	macrophage_identity;hypoxia;log1p_umi	True	0.06448171297861363
TNBC94 extension	62	high_fraction_0.20	6	0.2	macrophage_identity;hypoxia;log1p_umi	True	0.10555049946578973
TNBC94 extension	62	high_fraction_0.25	6	0.25	macrophage_identity;hypoxia;log1p_umi	True	0.08830421360362224
TNBC94 extension	62	high_fraction_0.33	6	0.33	macrophage_identity;hypoxia;log1p_umi	True	0.1058298489827092
TNBC94 extension	62	residual_macrophage_depth	6	0.25	macrophage_identity;log1p_umi	True	0.09078571920830801
TNBC94 extension	62	residual_depth_only	6	0.25	log1p_umi	True	0.19791283675347882
TNBC94 extension	62	residual_plus_fibroblast	6	0.25	macrophage_identity;hypoxia;log1p_umi;fibroblast_ecm	True	0.07198274134539373
TNBC94 extension	62	unstratified_permutation	6	0.25	macrophage_identity;hypoxia;log1p_umi	False	0.07654840026393107
TNBC94 extension	63	neighbors_k4	4	0.25	macrophage_identity;hypoxia;log1p_umi	True	0.10846209582862837
TNBC94 extension	63	neighbors_k6	6	0.25	macrophage_identity;hypoxia;log1p_umi	True	0.09795981731765753
TNBC94 extension	63	neighbors_k8	8	0.25	macrophage_identity;hypoxia;log1p_umi	True	0.10319290898983223
TNBC94 extension	63	neighbors_k12	12	0.25	macrophage_identity;hypoxia;log1p_umi	True	0.09695557216738185
TNBC94 extension	63	high_fraction_0.20	6	0.2	macrophage_identity;hypoxia;log1p_umi	True	0.12034413563776827
TNBC94 extension	63	high_fraction_0.25	6	0.25	macrophage_identity;hypoxia;log1p_umi	True	0.09795981731765753
TNBC94 extension	63	high_fraction_0.33	6	0.33	macrophage_identity;hypoxia;log1p_umi	True	0.09630150977649275
TNBC94 extension	63	residual_macrophage_depth	6	0.25	macrophage_identity;log1p_umi	True	0.10013796601054145
TNBC94 extension	63	residual_depth_only	6	0.25	log1p_umi	True	0.09876739652629082
TNBC94 extension	63	residual_plus_fibroblast	6	0.25	macrophage_identity;hypoxia;log1p_umi;fibroblast_ecm	True	0.09886555813747291
TNBC94 extension	63	unstratified_permutation	6	0.25	macrophage_identity;hypoxia;log1p_umi	False	0.11490750184652022
TNBC94 extension	64	neighbors_k4	4	0.25	macrophage_identity;hypoxia;log1p_umi	True	0.21942318995616872
TNBC94 extension	64	neighbors_k6	6	0.25	macrophage_identity;hypoxia;log1p_umi	True	0.2063953149938435
TNBC94 extension	64	neighbors_k8	8	0.25	macrophage_identity;hypoxia;log1p_umi	True	0.1992786529642783
TNBC94 extension	64	neighbors_k12	12	0.25	macrophage_identity;hypoxia;log1p_umi	True	0.20010665549809886
TNBC94 extension	64	high_fraction_0.20	6	0.2	macrophage_identity;hypoxia;log1p_umi	True	0.19595250893657146
TNBC94 extension	64	high_fraction_0.25	6	0.25	macrophage_identity;hypoxia;log1p_umi	True	0.2063953149938435
TNBC94 extension	64	high_fraction_0.33	6	0.33	macrophage_identity;hypoxia;log1p_umi	True	0.1773544280822392
TNBC94 extension	64	residual_macrophage_depth	6	0.25	macrophage_identity;log1p_umi	True	0.2035675990704484
TNBC94 extension	64	residual_depth_only	6	0.25	log1p_umi	True	0.2777855459509188
TNBC94 extension	64	residual_plus_fibroblast	6	0.25	macrophage_identity;hypoxia;log1p_umi;fibroblast_ecm	True	0.014461290537967929
TNBC94 extension	64	unstratified_permutation	6	0.25	macrophage_identity;hypoxia;log1p_umi	False	0.22019335519827746
TNBC94 extension	65	neighbors_k4	4	0.25	macrophage_identity;hypoxia;log1p_umi	True	-0.009478493443673335
TNBC94 extension	65	neighbors_k6	6	0.25	macrophage_identity;hypoxia;log1p_umi	True	0.02315931356386643
TNBC94 extension	65	neighbors_k8	8	0.25	macrophage_identity;hypoxia;log1p_umi	True	0.00678551162403354
TNBC94 extension	65	neighbors_k12	12	0.25	macrophage_identity;hypoxia;log1p_umi	True	0.0028774603722950816
TNBC94 extension	65	high_fraction_0.20	6	0.2	macrophage_identity;hypoxia;log1p_umi	True	0.009740860889759036
TNBC94 extension	65	high_fraction_0.25	6	0.25	macrophage_identity;hypoxia;log1p_umi	True	0.02315931356386643
TNBC94 extension	65	high_fraction_0.33	6	0.33	macrophage_identity;hypoxia;log1p_umi	True	0.0470365292055304
TNBC94 extension	65	residual_macrophage_depth	6	0.25	macrophage_identity;log1p_umi	True	-0.06567213664899696
TNBC94 extension	65	residual_depth_only	6	0.25	log1p_umi	True	0.05832376628459522
TNBC94 extension	65	residual_plus_fibroblast	6	0.25	macrophage_identity;hypoxia;log1p_umi;fibroblast_ecm	True	-0.02307967923006413
TNBC94 extension	65	unstratified_permutation	6	0.25	macrophage_identity;hypoxia;log1p_umi	False	0.02448518640289062
TNBC94 extension	66	neighbors_k4	4	0.25	macrophage_identity;hypoxia;log1p_umi	True	0.16168601894742177
TNBC94 extension	66	neighbors_k6	6	0.25	macrophage_identity;hypoxia;log1p_umi	True	0.15243334008884418
TNBC94 extension	66	neighbors_k8	8	0.25	macrophage_identity;hypoxia;log1p_umi	True	0.14825985278174852
TNBC94 extension	66	neighbors_k12	12	0.25	macrophage_identity;hypoxia;log1p_umi	True	0.13329236136779815
TNBC94 extension	66	high_fraction_0.20	6	0.2	macrophage_identity;hypoxia;log1p_umi	True	0.1489591475166198
TNBC94 extension	66	high_fraction_0.25	6	0.25	macrophage_identity;hypoxia;log1p_umi	True	0.15243334008884418
TNBC94 extension	66	high_fraction_0.33	6	0.33	macrophage_identity;hypoxia;log1p_umi	True	0.15955360553923864
TNBC94 extension	66	residual_macrophage_depth	6	0.25	macrophage_identity;log1p_umi	True	0.16425750023481114
TNBC94 extension	66	residual_depth_only	6	0.25	log1p_umi	True	0.2830944224281561
TNBC94 extension	66	residual_plus_fibroblast	6	0.25	macrophage_identity;hypoxia;log1p_umi;fibroblast_ecm	True	0.06890678530842308
TNBC94 extension	66	unstratified_permutation	6	0.25	macrophage_identity;hypoxia;log1p_umi	False	0.1747782560236796
TNBC94 extension	67	neighbors_k4	4	0.25	macrophage_identity;hypoxia;log1p_umi	True	0.023633890881385126
TNBC94 extension	67	neighbors_k6	6	0.25	macrophage_identity;hypoxia;log1p_umi	True	0.009764267961752266
TNBC94 extension	67	neighbors_k8	8	0.25	macrophage_identity;hypoxia;log1p_umi	True	-0.0038264151695530917
TNBC94 extension	67	neighbors_k12	12	0.25	macrophage_identity;hypoxia;log1p_umi	True	-0.0020765288515117524
TNBC94 extension	67	high_fraction_0.20	6	0.2	macrophage_identity;hypoxia;log1p_umi	True	0.00043600270567600114
TNBC94 extension	67	high_fraction_0.25	6	0.25	macrophage_identity;hypoxia;log1p_umi	True	0.009764267961752266
TNBC94 extension	67	high_fraction_0.33	6	0.33	macrophage_identity;hypoxia;log1p_umi	True	0.04796438504098564
TNBC94 extension	67	residual_macrophage_depth	6	0.25	macrophage_identity;log1p_umi	True	0.014887222283069159
TNBC94 extension	67	residual_depth_only	6	0.25	log1p_umi	True	0.05522055150684346
TNBC94 extension	67	residual_plus_fibroblast	6	0.25	macrophage_identity;hypoxia;log1p_umi;fibroblast_ecm	True	-0.018031383860052517
TNBC94 extension	67	unstratified_permutation	6	0.25	macrophage_identity;hypoxia;log1p_umi	False	0.006974952802279486
TNBC94 extension	68	neighbors_k4	4	0.25	macrophage_identity;hypoxia;log1p_umi	True	0.047670913507361745
TNBC94 extension	68	neighbors_k6	6	0.25	macrophage_identity;hypoxia;log1p_umi	True	0.039422192404074644
TNBC94 extension	68	neighbors_k8	8	0.25	macrophage_identity;hypoxia;log1p_umi	True	0.038861812788989473
TNBC94 extension	68	neighbors_k12	12	0.25	macrophage_identity;hypoxia;log1p_umi	True	0.0337973307086479
TNBC94 extension	68	high_fraction_0.20	6	0.2	macrophage_identity;hypoxia;log1p_umi	True	-0.05249479952370001
TNBC94 extension	68	high_fraction_0.25	6	0.25	macrophage_identity;hypoxia;log1p_umi	True	0.039422192404074644
TNBC94 extension	68	high_fraction_0.33	6	0.33	macrophage_identity;hypoxia;log1p_umi	True	0.029497867121958468
TNBC94 extension	68	residual_macrophage_depth	6	0.25	macrophage_identity;log1p_umi	True	0.03354287572231637
TNBC94 extension	68	residual_depth_only	6	0.25	log1p_umi	True	0.0551518688096489
TNBC94 extension	68	residual_plus_fibroblast	6	0.25	macrophage_identity;hypoxia;log1p_umi;fibroblast_ecm	True	-0.07392180057834608
TNBC94 extension	68	unstratified_permutation	6	0.25	macrophage_identity;hypoxia;log1p_umi	False	0.06295510069858863
TNBC94 extension	69	neighbors_k4	4	0.25	macrophage_identity;hypoxia;log1p_umi	True	0.09316922494698283
TNBC94 extension	69	neighbors_k6	6	0.25	macrophage_identity;hypoxia;log1p_umi	True	0.08424129988991119
TNBC94 extension	69	neighbors_k8	8	0.25	macrophage_identity;hypoxia;log1p_umi	True	0.0624251016350849
TNBC94 extension	69	neighbors_k12	12	0.25	macrophage_identity;hypoxia;log1p_umi	True	0.0522814227688244
TNBC94 extension	69	high_fraction_0.20	6	0.2	macrophage_identity;hypoxia;log1p_umi	True	0.0747381755293543
TNBC94 extension	69	high_fraction_0.25	6	0.25	macrophage_identity;hypoxia;log1p_umi	True	0.08424129988991119
TNBC94 extension	69	high_fraction_0.33	6	0.33	macrophage_identity;hypoxia;log1p_umi	True	0.09535299803488911
TNBC94 extension	69	residual_macrophage_depth	6	0.25	macrophage_identity;log1p_umi	True	0.04821730409773723
TNBC94 extension	69	residual_depth_only	6	0.25	log1p_umi	True	0.17684757906546325
TNBC94 extension	69	residual_plus_fibroblast	6	0.25	macrophage_identity;hypoxia;log1p_umi;fibroblast_ecm	True	0.026453590236893892
TNBC94 extension	69	unstratified_permutation	6	0.25	macrophage_identity;hypoxia;log1p_umi	False	0.08164683125031921
TNBC94 extension	70	neighbors_k4	4	0.25	macrophage_identity;hypoxia;log1p_umi	True	0.11576322119933458
TNBC94 extension	70	neighbors_k6	6	0.25	macrophage_identity;hypoxia;log1p_umi	True	0.09656712987851902
TNBC94 extension	70	neighbors_k8	8	0.25	macrophage_identity;hypoxia;log1p_umi	True	0.0925866288246353
TNBC94 extension	70	neighbors_k12	12	0.25	macrophage_identity;hypoxia;log1p_umi	True	0.08465168748380501
TNBC94 extension	70	high_fraction_0.20	6	0.2	macrophage_identity;hypoxia;log1p_umi	True	0.07164526409273936
TNBC94 extension	70	high_fraction_0.25	6	0.25	macrophage_identity;hypoxia;log1p_umi	True	0.09656712987851902
TNBC94 extension	70	high_fraction_0.33	6	0.33	macrophage_identity;hypoxia;log1p_umi	True	0.10541945435373688
TNBC94 extension	70	residual_macrophage_depth	6	0.25	macrophage_identity;log1p_umi	True	0.07879581070485822
TNBC94 extension	70	residual_depth_only	6	0.25	log1p_umi	True	0.12453908793514781
TNBC94 extension	70	residual_plus_fibroblast	6	0.25	macrophage_identity;hypoxia;log1p_umi;fibroblast_ecm	True	-0.045382388615214306
TNBC94 extension	70	unstratified_permutation	6	0.25	macrophage_identity;hypoxia;log1p_umi	False	0.11851213812074286
TNBC94 extension	71	neighbors_k4	4	0.25	macrophage_identity;hypoxia;log1p_umi	True	0.13329671556906786
TNBC94 extension	71	neighbors_k6	6	0.25	macrophage_identity;hypoxia;log1p_umi	True	0.1246580715197233
TNBC94 extension	71	neighbors_k8	8	0.25	macrophage_identity;hypoxia;log1p_umi	True	0.13079265882913735
TNBC94 extension	71	neighbors_k12	12	0.25	macrophage_identity;hypoxia;log1p_umi	True	0.12482111822544881
TNBC94 extension	71	high_fraction_0.20	6	0.2	macrophage_identity;hypoxia;log1p_umi	True	0.11931219232738641
TNBC94 extension	71	high_fraction_0.25	6	0.25	macrophage_identity;hypoxia;log1p_umi	True	0.1246580715197233
TNBC94 extension	71	high_fraction_0.33	6	0.33	macrophage_identity;hypoxia;log1p_umi	True	0.11782881705758366
TNBC94 extension	71	residual_macrophage_depth	6	0.25	macrophage_identity;log1p_umi	True	0.13236497492775184
TNBC94 extension	71	residual_depth_only	6	0.25	log1p_umi	True	0.1908926318513602
TNBC94 extension	71	residual_plus_fibroblast	6	0.25	macrophage_identity;hypoxia;log1p_umi;fibroblast_ecm	True	0.05417270542289334
TNBC94 extension	71	unstratified_permutation	6	0.25	macrophage_identity;hypoxia;log1p_umi	False	0.13134710175403266
TNBC94 extension	72	neighbors_k4	4	0.25	macrophage_identity;hypoxia;log1p_umi	True	0.1523993063303976
TNBC94 extension	72	neighbors_k6	6	0.25	macrophage_identity;hypoxia;log1p_umi	True	0.13821217457731466
TNBC94 extension	72	neighbors_k8	8	0.25	macrophage_identity;hypoxia;log1p_umi	True	0.13807855948626918
TNBC94 extension	72	neighbors_k12	12	0.25	macrophage_identity;hypoxia;log1p_umi	True	0.13242780916531624
TNBC94 extension	72	high_fraction_0.20	6	0.2	macrophage_identity;hypoxia;log1p_umi	True	0.15438851481544513
TNBC94 extension	72	high_fraction_0.25	6	0.25	macrophage_identity;hypoxia;log1p_umi	True	0.13821217457731466
TNBC94 extension	72	high_fraction_0.33	6	0.33	macrophage_identity;hypoxia;log1p_umi	True	0.1356533977323664
TNBC94 extension	72	residual_macrophage_depth	6	0.25	macrophage_identity;log1p_umi	True	0.14246425659721285
TNBC94 extension	72	residual_depth_only	6	0.25	log1p_umi	True	0.24234973241314173
TNBC94 extension	72	residual_plus_fibroblast	6	0.25	macrophage_identity;hypoxia;log1p_umi;fibroblast_ecm	True	0.026329429051244774
TNBC94 extension	72	unstratified_permutation	6	0.25	macrophage_identity;hypoxia;log1p_umi	False	0.39264725896471747
TNBC94 extension	73	neighbors_k4	4	0.25	macrophage_identity;hypoxia;log1p_umi	True	0.022248963330842773
TNBC94 extension	73	neighbors_k6	6	0.25	macrophage_identity;hypoxia;log1p_umi	True	0.03152399356851187
TNBC94 extension	73	neighbors_k8	8	0.25	macrophage_identity;hypoxia;log1p_umi	True	0.03284421317713932
TNBC94 extension	73	neighbors_k12	12	0.25	macrophage_identity;hypoxia;log1p_umi	True	0.023012107196986972
TNBC94 extension	73	high_fraction_0.20	6	0.2	macrophage_identity;hypoxia;log1p_umi	True	0.022292795866085305
TNBC94 extension	73	high_fraction_0.25	6	0.25	macrophage_identity;hypoxia;log1p_umi	True	0.03152399356851187
TNBC94 extension	73	high_fraction_0.33	6	0.33	macrophage_identity;hypoxia;log1p_umi	True	0.04860004768874961
TNBC94 extension	73	residual_macrophage_depth	6	0.25	macrophage_identity;log1p_umi	True	0.024606215377619728
TNBC94 extension	73	residual_depth_only	6	0.25	log1p_umi	True	0.05728799407735546
TNBC94 extension	73	residual_plus_fibroblast	6	0.25	macrophage_identity;hypoxia;log1p_umi;fibroblast_ecm	True	0.007202297184334929
TNBC94 extension	73	unstratified_permutation	6	0.25	macrophage_identity;hypoxia;log1p_umi	False	0.04736637817153196
TNBC94 extension	74	neighbors_k4	4	0.25	macrophage_identity;hypoxia;log1p_umi	True	0.03947478589701113
TNBC94 extension	74	neighbors_k6	6	0.25	macrophage_identity;hypoxia;log1p_umi	True	0.06023390168601033
TNBC94 extension	74	neighbors_k8	8	0.25	macrophage_identity;hypoxia;log1p_umi	True	0.07571449881270365
TNBC94 extension	74	neighbors_k12	12	0.25	macrophage_identity;hypoxia;log1p_umi	True	0.0680563413233537
TNBC94 extension	74	high_fraction_0.20	6	0.2	macrophage_identity;hypoxia;log1p_umi	True	0.059465784614231444
TNBC94 extension	74	high_fraction_0.25	6	0.25	macrophage_identity;hypoxia;log1p_umi	True	0.06023390168601033
TNBC94 extension	74	high_fraction_0.33	6	0.33	macrophage_identity;hypoxia;log1p_umi	True	0.06002818302424594
TNBC94 extension	74	residual_macrophage_depth	6	0.25	macrophage_identity;log1p_umi	True	0.0414832397093728
TNBC94 extension	74	residual_depth_only	6	0.25	log1p_umi	True	0.38271721686737126
TNBC94 extension	74	residual_plus_fibroblast	6	0.25	macrophage_identity;hypoxia;log1p_umi;fibroblast_ecm	True	0.025693076033839538
TNBC94 extension	74	unstratified_permutation	6	0.25	macrophage_identity;hypoxia;log1p_umi	False	-0.03340172327077923
TNBC94 extension	75	neighbors_k4	4	0.25	macrophage_identity;hypoxia;log1p_umi	True	0.03154657711175603
TNBC94 extension	75	neighbors_k6	6	0.25	macrophage_identity;hypoxia;log1p_umi	True	0.02933731019463146
TNBC94 extension	75	neighbors_k8	8	0.25	macrophage_identity;hypoxia;log1p_umi	True	0.012178036095875963
TNBC94 extension	75	neighbors_k12	12	0.25	macrophage_identity;hypoxia;log1p_umi	True	0.009056254613846428
TNBC94 extension	75	high_fraction_0.20	6	0.2	macrophage_identity;hypoxia;log1p_umi	True	0.05931985468664178
TNBC94 extension	75	high_fraction_0.25	6	0.25	macrophage_identity;hypoxia;log1p_umi	True	0.02933731019463146
TNBC94 extension	75	high_fraction_0.33	6	0.33	macrophage_identity;hypoxia;log1p_umi	True	0.028245216679425776
TNBC94 extension	75	residual_macrophage_depth	6	0.25	macrophage_identity;log1p_umi	True	0.045588146758312714
TNBC94 extension	75	residual_depth_only	6	0.25	log1p_umi	True	0.12104722424547448
TNBC94 extension	75	residual_plus_fibroblast	6	0.25	macrophage_identity;hypoxia;log1p_umi;fibroblast_ecm	True	0.026645276561938578
TNBC94 extension	75	unstratified_permutation	6	0.25	macrophage_identity;hypoxia;log1p_umi	False	0.03096616325020684
TNBC94 extension	76	neighbors_k4	4	0.25	macrophage_identity;hypoxia;log1p_umi	True	-0.1897946502998461
TNBC94 extension	76	neighbors_k6	6	0.25	macrophage_identity;hypoxia;log1p_umi	True	-0.16866854583063953
TNBC94 extension	76	neighbors_k8	8	0.25	macrophage_identity;hypoxia;log1p_umi	True	-0.15197873277193943
TNBC94 extension	76	neighbors_k12	12	0.25	macrophage_identity;hypoxia;log1p_umi	True	-0.15416400050711376
TNBC94 extension	76	high_fraction_0.20	6	0.2	macrophage_identity;hypoxia;log1p_umi	True	-0.16984173918145848
TNBC94 extension	76	high_fraction_0.25	6	0.25	macrophage_identity;hypoxia;log1p_umi	True	-0.16866854583063953
TNBC94 extension	76	high_fraction_0.33	6	0.33	macrophage_identity;hypoxia;log1p_umi	True	-0.15637336595560108
TNBC94 extension	76	residual_macrophage_depth	6	0.25	macrophage_identity;log1p_umi	True	-0.21675550642545277
TNBC94 extension	76	residual_depth_only	6	0.25	log1p_umi	True	-0.21533521299969385
TNBC94 extension	76	residual_plus_fibroblast	6	0.25	macrophage_identity;hypoxia;log1p_umi;fibroblast_ecm	True	-0.10508348857514051
TNBC94 extension	76	unstratified_permutation	6	0.25	macrophage_identity;hypoxia;log1p_umi	False	-0.17768807314429014
TNBC94 extension	77	neighbors_k4	4	0.25	macrophage_identity;hypoxia;log1p_umi	True	0.058599011482500823
TNBC94 extension	77	neighbors_k6	6	0.25	macrophage_identity;hypoxia;log1p_umi	True	0.05884431019888822
TNBC94 extension	77	neighbors_k8	8	0.25	macrophage_identity;hypoxia;log1p_umi	True	0.04480239719038033
TNBC94 extension	77	neighbors_k12	12	0.25	macrophage_identity;hypoxia;log1p_umi	True	0.03803179539613065
TNBC94 extension	77	high_fraction_0.20	6	0.2	macrophage_identity;hypoxia;log1p_umi	True	0.03532370922027139
TNBC94 extension	77	high_fraction_0.25	6	0.25	macrophage_identity;hypoxia;log1p_umi	True	0.05884431019888822
TNBC94 extension	77	high_fraction_0.33	6	0.33	macrophage_identity;hypoxia;log1p_umi	True	0.03549358525265442
TNBC94 extension	77	residual_macrophage_depth	6	0.25	macrophage_identity;log1p_umi	True	-0.07006173249041212
TNBC94 extension	77	residual_depth_only	6	0.25	log1p_umi	True	-0.0071415010293811865
TNBC94 extension	77	residual_plus_fibroblast	6	0.25	macrophage_identity;hypoxia;log1p_umi;fibroblast_ecm	True	-0.003617007085521101
TNBC94 extension	77	unstratified_permutation	6	0.25	macrophage_identity;hypoxia;log1p_umi	False	0.12163965310087792
TNBC94 extension	78	neighbors_k4	4	0.25	macrophage_identity;hypoxia;log1p_umi	True	0.10523956872764284
TNBC94 extension	78	neighbors_k6	6	0.25	macrophage_identity;hypoxia;log1p_umi	True	0.09528444374334866
TNBC94 extension	78	neighbors_k8	8	0.25	macrophage_identity;hypoxia;log1p_umi	True	0.07433368976069474
TNBC94 extension	78	neighbors_k12	12	0.25	macrophage_identity;hypoxia;log1p_umi	True	0.06659695411921648
TNBC94 extension	78	high_fraction_0.20	6	0.2	macrophage_identity;hypoxia;log1p_umi	True	0.13745433964310977
TNBC94 extension	78	high_fraction_0.25	6	0.25	macrophage_identity;hypoxia;log1p_umi	True	0.09528444374334866
TNBC94 extension	78	high_fraction_0.33	6	0.33	macrophage_identity;hypoxia;log1p_umi	True	0.10758320337106667
TNBC94 extension	78	residual_macrophage_depth	6	0.25	macrophage_identity;log1p_umi	True	0.09811272036377028
TNBC94 extension	78	residual_depth_only	6	0.25	log1p_umi	True	0.6192736554792173
TNBC94 extension	78	residual_plus_fibroblast	6	0.25	macrophage_identity;hypoxia;log1p_umi;fibroblast_ecm	True	0.10699397034329396
TNBC94 extension	78	unstratified_permutation	6	0.25	macrophage_identity;hypoxia;log1p_umi	False	0.2255475824510476
TNBC94 extension	79	neighbors_k4	4	0.25	macrophage_identity;hypoxia;log1p_umi	True	0.21201564798525055
TNBC94 extension	79	neighbors_k6	6	0.25	macrophage_identity;hypoxia;log1p_umi	True	0.2032618536285824
TNBC94 extension	79	neighbors_k8	8	0.25	macrophage_identity;hypoxia;log1p_umi	True	0.20430910317629097
TNBC94 extension	79	neighbors_k12	12	0.25	macrophage_identity;hypoxia;log1p_umi	True	0.1948477099173403
TNBC94 extension	79	high_fraction_0.20	6	0.2	macrophage_identity;hypoxia;log1p_umi	True	0.16994991110685873
TNBC94 extension	79	high_fraction_0.25	6	0.25	macrophage_identity;hypoxia;log1p_umi	True	0.2032618536285824
TNBC94 extension	79	high_fraction_0.33	6	0.33	macrophage_identity;hypoxia;log1p_umi	True	0.2069830461723907
TNBC94 extension	79	residual_macrophage_depth	6	0.25	macrophage_identity;log1p_umi	True	0.14494531997615634
TNBC94 extension	79	residual_depth_only	6	0.25	log1p_umi	True	0.32781056581877405
TNBC94 extension	79	residual_plus_fibroblast	6	0.25	macrophage_identity;hypoxia;log1p_umi;fibroblast_ecm	True	0.07056992819207814
TNBC94 extension	79	unstratified_permutation	6	0.25	macrophage_identity;hypoxia;log1p_umi	False	0.15057825241714387
TNBC94 extension	80	neighbors_k4	4	0.25	macrophage_identity;hypoxia;log1p_umi	True	0.0889341604912148
TNBC94 extension	80	neighbors_k6	6	0.25	macrophage_identity;hypoxia;log1p_umi	True	0.07741616748824295
TNBC94 extension	80	neighbors_k8	8	0.25	macrophage_identity;hypoxia;log1p_umi	True	0.08274001259452825
TNBC94 extension	80	neighbors_k12	12	0.25	macrophage_identity;hypoxia;log1p_umi	True	0.075471537136342
TNBC94 extension	80	high_fraction_0.20	6	0.2	macrophage_identity;hypoxia;log1p_umi	True	0.06065723976993856
TNBC94 extension	80	high_fraction_0.25	6	0.25	macrophage_identity;hypoxia;log1p_umi	True	0.07741616748824295
TNBC94 extension	80	high_fraction_0.33	6	0.33	macrophage_identity;hypoxia;log1p_umi	True	0.05722263324434858
TNBC94 extension	80	residual_macrophage_depth	6	0.25	macrophage_identity;log1p_umi	True	0.07211266591124227
TNBC94 extension	80	residual_depth_only	6	0.25	log1p_umi	True	0.11759336693917147
TNBC94 extension	80	residual_plus_fibroblast	6	0.25	macrophage_identity;hypoxia;log1p_umi;fibroblast_ecm	True	0.00501811697397702
TNBC94 extension	80	unstratified_permutation	6	0.25	macrophage_identity;hypoxia;log1p_umi	False	0.1690943869847942
TNBC94 extension	81	neighbors_k4	4	0.25	macrophage_identity;hypoxia;log1p_umi	True	0.036241040359536625
TNBC94 extension	81	neighbors_k6	6	0.25	macrophage_identity;hypoxia;log1p_umi	True	0.028752265620894904
TNBC94 extension	81	neighbors_k8	8	0.25	macrophage_identity;hypoxia;log1p_umi	True	0.020152718416150746
TNBC94 extension	81	neighbors_k12	12	0.25	macrophage_identity;hypoxia;log1p_umi	True	-0.0003392577465868782
TNBC94 extension	81	high_fraction_0.20	6	0.2	macrophage_identity;hypoxia;log1p_umi	True	0.0050109149582933665
TNBC94 extension	81	high_fraction_0.25	6	0.25	macrophage_identity;hypoxia;log1p_umi	True	0.028752265620894904
TNBC94 extension	81	high_fraction_0.33	6	0.33	macrophage_identity;hypoxia;log1p_umi	True	0.044046216651488584
TNBC94 extension	81	residual_macrophage_depth	6	0.25	macrophage_identity;log1p_umi	True	-0.012193679823031385
TNBC94 extension	81	residual_depth_only	6	0.25	log1p_umi	True	0.02121461287738235
TNBC94 extension	81	residual_plus_fibroblast	6	0.25	macrophage_identity;hypoxia;log1p_umi;fibroblast_ecm	True	-0.043665615328385296
TNBC94 extension	81	unstratified_permutation	6	0.25	macrophage_identity;hypoxia;log1p_umi	False	-0.010504125314742097
TNBC94 extension	82	neighbors_k4	4	0.25	macrophage_identity;hypoxia;log1p_umi	True	0.012285592470521148
TNBC94 extension	82	neighbors_k6	6	0.25	macrophage_identity;hypoxia;log1p_umi	True	0.009886704644980662
TNBC94 extension	82	neighbors_k8	8	0.25	macrophage_identity;hypoxia;log1p_umi	True	0.008460696856428244
TNBC94 extension	82	neighbors_k12	12	0.25	macrophage_identity;hypoxia;log1p_umi	True	-0.015066332447385318
TNBC94 extension	82	high_fraction_0.20	6	0.2	macrophage_identity;hypoxia;log1p_umi	True	-0.01344724025843528
TNBC94 extension	82	high_fraction_0.25	6	0.25	macrophage_identity;hypoxia;log1p_umi	True	0.009886704644980662
TNBC94 extension	82	high_fraction_0.33	6	0.33	macrophage_identity;hypoxia;log1p_umi	True	0.002253061615108869
TNBC94 extension	82	residual_macrophage_depth	6	0.25	macrophage_identity;log1p_umi	True	0.008599859389111113
TNBC94 extension	82	residual_depth_only	6	0.25	log1p_umi	True	0.018364810734972016
TNBC94 extension	82	residual_plus_fibroblast	6	0.25	macrophage_identity;hypoxia;log1p_umi;fibroblast_ecm	True	-0.015180957352798327
TNBC94 extension	82	unstratified_permutation	6	0.25	macrophage_identity;hypoxia;log1p_umi	False	-0.022894761708402156
TNBC94 extension	83	neighbors_k4	4	0.25	macrophage_identity;hypoxia;log1p_umi	True	-0.022882465149354634
TNBC94 extension	83	neighbors_k6	6	0.25	macrophage_identity;hypoxia;log1p_umi	True	-0.03764804650533038
TNBC94 extension	83	neighbors_k8	8	0.25	macrophage_identity;hypoxia;log1p_umi	True	-0.030236484653049827
TNBC94 extension	83	neighbors_k12	12	0.25	macrophage_identity;hypoxia;log1p_umi	True	-0.04462903673839465
TNBC94 extension	83	high_fraction_0.20	6	0.2	macrophage_identity;hypoxia;log1p_umi	True	-0.05459415381067506
TNBC94 extension	83	high_fraction_0.25	6	0.25	macrophage_identity;hypoxia;log1p_umi	True	-0.03764804650533038
TNBC94 extension	83	high_fraction_0.33	6	0.33	macrophage_identity;hypoxia;log1p_umi	True	-0.00978202023534793
TNBC94 extension	83	residual_macrophage_depth	6	0.25	macrophage_identity;log1p_umi	True	-0.03764804650533038
TNBC94 extension	83	residual_depth_only	6	0.25	log1p_umi	True	0.024059319795400443
TNBC94 extension	83	residual_plus_fibroblast	6	0.25	macrophage_identity;hypoxia;log1p_umi;fibroblast_ecm	True	-0.038396605031079764
TNBC94 extension	83	unstratified_permutation	6	0.25	macrophage_identity;hypoxia;log1p_umi	False	-0.032626873145968335
TNBC94 extension	84	neighbors_k4	4	0.25	macrophage_identity;hypoxia;log1p_umi	True	0.16689818377206697
TNBC94 extension	84	neighbors_k6	6	0.25	macrophage_identity;hypoxia;log1p_umi	True	0.16971778343148458
TNBC94 extension	84	neighbors_k8	8	0.25	macrophage_identity;hypoxia;log1p_umi	True	0.17075067990925386
TNBC94 extension	84	neighbors_k12	12	0.25	macrophage_identity;hypoxia;log1p_umi	True	0.16785608519994588
TNBC94 extension	84	high_fraction_0.20	6	0.2	macrophage_identity;hypoxia;log1p_umi	True	0.17860137178605273
TNBC94 extension	84	high_fraction_0.25	6	0.25	macrophage_identity;hypoxia;log1p_umi	True	0.16971778343148458
TNBC94 extension	84	high_fraction_0.33	6	0.33	macrophage_identity;hypoxia;log1p_umi	True	0.1797078230840385
TNBC94 extension	84	residual_macrophage_depth	6	0.25	macrophage_identity;log1p_umi	True	0.1891411980898293
TNBC94 extension	84	residual_depth_only	6	0.25	log1p_umi	True	0.5727568706243885
TNBC94 extension	84	residual_plus_fibroblast	6	0.25	macrophage_identity;hypoxia;log1p_umi;fibroblast_ecm	True	0.1191724241437353
TNBC94 extension	84	unstratified_permutation	6	0.25	macrophage_identity;hypoxia;log1p_umi	False	0.23412974667150227
TNBC94 extension	85	neighbors_k4	4	0.25	macrophage_identity;hypoxia;log1p_umi	True	0.02825460958876934
TNBC94 extension	85	neighbors_k6	6	0.25	macrophage_identity;hypoxia;log1p_umi	True	0.020864650210916946
TNBC94 extension	85	neighbors_k8	8	0.25	macrophage_identity;hypoxia;log1p_umi	True	0.014282486801717266
TNBC94 extension	85	neighbors_k12	12	0.25	macrophage_identity;hypoxia;log1p_umi	True	0.005663450070606764
TNBC94 extension	85	high_fraction_0.20	6	0.2	macrophage_identity;hypoxia;log1p_umi	True	0.02839605227147224
TNBC94 extension	85	high_fraction_0.25	6	0.25	macrophage_identity;hypoxia;log1p_umi	True	0.020864650210916946
TNBC94 extension	85	high_fraction_0.33	6	0.33	macrophage_identity;hypoxia;log1p_umi	True	0.03661329032076424
TNBC94 extension	85	residual_macrophage_depth	6	0.25	macrophage_identity;log1p_umi	True	0.010644669796645967
TNBC94 extension	85	residual_depth_only	6	0.25	log1p_umi	True	0.023988141261177376
TNBC94 extension	85	residual_plus_fibroblast	6	0.25	macrophage_identity;hypoxia;log1p_umi;fibroblast_ecm	True	-0.03232959269114703
TNBC94 extension	85	unstratified_permutation	6	0.25	macrophage_identity;hypoxia;log1p_umi	False	0.03560302693570068
TNBC94 extension	86	neighbors_k4	4	0.25	macrophage_identity;hypoxia;log1p_umi	True	0.007138880016024099
TNBC94 extension	86	neighbors_k6	6	0.25	macrophage_identity;hypoxia;log1p_umi	True	0.01976351071447037
TNBC94 extension	86	neighbors_k8	8	0.25	macrophage_identity;hypoxia;log1p_umi	True	0.020138242344919496
TNBC94 extension	86	neighbors_k12	12	0.25	macrophage_identity;hypoxia;log1p_umi	True	0.03145347261058038
TNBC94 extension	86	high_fraction_0.20	6	0.2	macrophage_identity;hypoxia;log1p_umi	True	-0.016954543170634148
TNBC94 extension	86	high_fraction_0.25	6	0.25	macrophage_identity;hypoxia;log1p_umi	True	0.01976351071447037
TNBC94 extension	86	high_fraction_0.33	6	0.33	macrophage_identity;hypoxia;log1p_umi	True	0.0646336118526621
TNBC94 extension	86	residual_macrophage_depth	6	0.25	macrophage_identity;log1p_umi	True	0.01976351071447037
TNBC94 extension	86	residual_depth_only	6	0.25	log1p_umi	True	0.047125051979352545
TNBC94 extension	86	residual_plus_fibroblast	6	0.25	macrophage_identity;hypoxia;log1p_umi;fibroblast_ecm	True	-0.058793313293070394
TNBC94 extension	86	unstratified_permutation	6	0.25	macrophage_identity;hypoxia;log1p_umi	False	0.0802767091209517
TNBC94 extension	87	neighbors_k4	4	0.25	macrophage_identity;hypoxia;log1p_umi	True	0.13018237780955969
TNBC94 extension	87	neighbors_k6	6	0.25	macrophage_identity;hypoxia;log1p_umi	True	0.1544568374123741
TNBC94 extension	87	neighbors_k8	8	0.25	macrophage_identity;hypoxia;log1p_umi	True	0.1437550794446741
TNBC94 extension	87	neighbors_k12	12	0.25	macrophage_identity;hypoxia;log1p_umi	True	0.11778839156528878
TNBC94 extension	87	high_fraction_0.20	6	0.2	macrophage_identity;hypoxia;log1p_umi	True	0.1057586756054048
TNBC94 extension	87	high_fraction_0.25	6	0.25	macrophage_identity;hypoxia;log1p_umi	True	0.1544568374123741
TNBC94 extension	87	high_fraction_0.33	6	0.33	macrophage_identity;hypoxia;log1p_umi	True	0.1718757985493952
TNBC94 extension	87	residual_macrophage_depth	6	0.25	macrophage_identity;log1p_umi	True	0.17369465688984234
TNBC94 extension	87	residual_depth_only	6	0.25	log1p_umi	True	0.14162801092597266
TNBC94 extension	87	residual_plus_fibroblast	6	0.25	macrophage_identity;hypoxia;log1p_umi;fibroblast_ecm	True	-0.07857761394052416
TNBC94 extension	87	unstratified_permutation	6	0.25	macrophage_identity;hypoxia;log1p_umi	False	0.23820634164363774
TNBC94 extension	88	neighbors_k4	4	0.25	macrophage_identity;hypoxia;log1p_umi	True	0.14083665546718022
TNBC94 extension	88	neighbors_k6	6	0.25	macrophage_identity;hypoxia;log1p_umi	True	0.143296807508319
TNBC94 extension	88	neighbors_k8	8	0.25	macrophage_identity;hypoxia;log1p_umi	True	0.13708050157715243
TNBC94 extension	88	neighbors_k12	12	0.25	macrophage_identity;hypoxia;log1p_umi	True	0.13077796338517672
TNBC94 extension	88	high_fraction_0.20	6	0.2	macrophage_identity;hypoxia;log1p_umi	True	0.1725202623311416
TNBC94 extension	88	high_fraction_0.25	6	0.25	macrophage_identity;hypoxia;log1p_umi	True	0.143296807508319
TNBC94 extension	88	high_fraction_0.33	6	0.33	macrophage_identity;hypoxia;log1p_umi	True	0.11885183270860608
TNBC94 extension	88	residual_macrophage_depth	6	0.25	macrophage_identity;log1p_umi	True	0.1416836734075467
TNBC94 extension	88	residual_depth_only	6	0.25	log1p_umi	True	0.23766956180096868
TNBC94 extension	88	residual_plus_fibroblast	6	0.25	macrophage_identity;hypoxia;log1p_umi;fibroblast_ecm	True	0.10861247428546508
TNBC94 extension	88	unstratified_permutation	6	0.25	macrophage_identity;hypoxia;log1p_umi	False	0.14704119007727537
TNBC94 extension	89	neighbors_k4	4	0.25	macrophage_identity;hypoxia;log1p_umi	True	0.017564202148514958
TNBC94 extension	89	neighbors_k6	6	0.25	macrophage_identity;hypoxia;log1p_umi	True	0.02172337733535631
TNBC94 extension	89	neighbors_k8	8	0.25	macrophage_identity;hypoxia;log1p_umi	True	0.012358494156544355
TNBC94 extension	89	neighbors_k12	12	0.25	macrophage_identity;hypoxia;log1p_umi	True	0.012111682858704243
TNBC94 extension	89	high_fraction_0.20	6	0.2	macrophage_identity;hypoxia;log1p_umi	True	0.026694650340236478
TNBC94 extension	89	high_fraction_0.25	6	0.25	macrophage_identity;hypoxia;log1p_umi	True	0.02172337733535631
TNBC94 extension	89	high_fraction_0.33	6	0.33	macrophage_identity;hypoxia;log1p_umi	True	0.02108624222513538
TNBC94 extension	89	residual_macrophage_depth	6	0.25	macrophage_identity;log1p_umi	True	0.019033965504304452
TNBC94 extension	89	residual_depth_only	6	0.25	log1p_umi	True	0.03914573021010892
TNBC94 extension	89	residual_plus_fibroblast	6	0.25	macrophage_identity;hypoxia;log1p_umi;fibroblast_ecm	True	0.009422587610831758
TNBC94 extension	89	unstratified_permutation	6	0.25	macrophage_identity;hypoxia;log1p_umi	False	0.02918868040802689
TNBC94 extension	90	neighbors_k4	4	0.25	macrophage_identity;hypoxia;log1p_umi	True	0.08992780395188547
TNBC94 extension	90	neighbors_k6	6	0.25	macrophage_identity;hypoxia;log1p_umi	True	0.07824517600464764
TNBC94 extension	90	neighbors_k8	8	0.25	macrophage_identity;hypoxia;log1p_umi	True	0.07481878837634848
TNBC94 extension	90	neighbors_k12	12	0.25	macrophage_identity;hypoxia;log1p_umi	True	0.06490820654980828
TNBC94 extension	90	high_fraction_0.20	6	0.2	macrophage_identity;hypoxia;log1p_umi	True	0.07705629926333582
TNBC94 extension	90	high_fraction_0.25	6	0.25	macrophage_identity;hypoxia;log1p_umi	True	0.07824517600464764
TNBC94 extension	90	high_fraction_0.33	6	0.33	macrophage_identity;hypoxia;log1p_umi	True	0.10034713235075478
TNBC94 extension	90	residual_macrophage_depth	6	0.25	macrophage_identity;log1p_umi	True	0.07824517600464764
TNBC94 extension	90	residual_depth_only	6	0.25	log1p_umi	True	0.20226364091329527
TNBC94 extension	90	residual_plus_fibroblast	6	0.25	macrophage_identity;hypoxia;log1p_umi;fibroblast_ecm	True	0.03705736817865333
TNBC94 extension	90	unstratified_permutation	6	0.25	macrophage_identity;hypoxia;log1p_umi	False	0.08192400838898392
TNBC94 extension	91	neighbors_k4	4	0.25	macrophage_identity;hypoxia;log1p_umi	True	0.03360801326260762
TNBC94 extension	91	neighbors_k6	6	0.25	macrophage_identity;hypoxia;log1p_umi	True	0.03836399605944768
TNBC94 extension	91	neighbors_k8	8	0.25	macrophage_identity;hypoxia;log1p_umi	True	0.04475799230804906
TNBC94 extension	91	neighbors_k12	12	0.25	macrophage_identity;hypoxia;log1p_umi	True	0.032324861777432067
TNBC94 extension	91	high_fraction_0.20	6	0.2	macrophage_identity;hypoxia;log1p_umi	True	0.01426127035188502
TNBC94 extension	91	high_fraction_0.25	6	0.25	macrophage_identity;hypoxia;log1p_umi	True	0.03836399605944768
TNBC94 extension	91	high_fraction_0.33	6	0.33	macrophage_identity;hypoxia;log1p_umi	True	0.04847400546235439
TNBC94 extension	91	residual_macrophage_depth	6	0.25	macrophage_identity;log1p_umi	True	0.03836399605944768
TNBC94 extension	91	residual_depth_only	6	0.25	log1p_umi	True	0.08057892759839436
TNBC94 extension	91	residual_plus_fibroblast	6	0.25	macrophage_identity;hypoxia;log1p_umi;fibroblast_ecm	True	0.015827051427738173
TNBC94 extension	91	unstratified_permutation	6	0.25	macrophage_identity;hypoxia;log1p_umi	False	0.05223913232527268
TNBC94 extension	92	neighbors_k4	4	0.25	macrophage_identity;hypoxia;log1p_umi	True	0.11549877421816826
TNBC94 extension	92	neighbors_k6	6	0.25	macrophage_identity;hypoxia;log1p_umi	True	0.09146643009851986
TNBC94 extension	92	neighbors_k8	8	0.25	macrophage_identity;hypoxia;log1p_umi	True	0.06971793464774781
TNBC94 extension	92	neighbors_k12	12	0.25	macrophage_identity;hypoxia;log1p_umi	True	0.01783232397647399
TNBC94 extension	92	high_fraction_0.20	6	0.2	macrophage_identity;hypoxia;log1p_umi	True	0.11020248211476466
TNBC94 extension	92	high_fraction_0.25	6	0.25	macrophage_identity;hypoxia;log1p_umi	True	0.09146643009851986
TNBC94 extension	92	high_fraction_0.33	6	0.33	macrophage_identity;hypoxia;log1p_umi	True	0.0850219725685387
TNBC94 extension	92	residual_macrophage_depth	6	0.25	macrophage_identity;log1p_umi	True	0.06877772091906086
TNBC94 extension	92	residual_depth_only	6	0.25	log1p_umi	True	0.21425038500512944
TNBC94 extension	92	residual_plus_fibroblast	6	0.25	macrophage_identity;hypoxia;log1p_umi;fibroblast_ecm	True	0.05327101379357235
TNBC94 extension	92	unstratified_permutation	6	0.25	macrophage_identity;hypoxia;log1p_umi	False	0.13151175492239572
TNBC94 extension	93	neighbors_k4	4	0.25	macrophage_identity;hypoxia;log1p_umi	True	0.03236711175223736
TNBC94 extension	93	neighbors_k6	6	0.25	macrophage_identity;hypoxia;log1p_umi	True	0.03320248648249871
TNBC94 extension	93	neighbors_k8	8	0.25	macrophage_identity;hypoxia;log1p_umi	True	0.0230018255758197
TNBC94 extension	93	neighbors_k12	12	0.25	macrophage_identity;hypoxia;log1p_umi	True	0.04574078088386767
TNBC94 extension	93	high_fraction_0.20	6	0.2	macrophage_identity;hypoxia;log1p_umi	True	0.048478574369251834
TNBC94 extension	93	high_fraction_0.25	6	0.25	macrophage_identity;hypoxia;log1p_umi	True	0.03320248648249871
TNBC94 extension	93	high_fraction_0.33	6	0.33	macrophage_identity;hypoxia;log1p_umi	True	0.034462771166581446
TNBC94 extension	93	residual_macrophage_depth	6	0.25	macrophage_identity;log1p_umi	True	0.006475518287599735
TNBC94 extension	93	residual_depth_only	6	0.25	log1p_umi	True	0.03940876411160908
TNBC94 extension	93	residual_plus_fibroblast	6	0.25	macrophage_identity;hypoxia;log1p_umi;fibroblast_ecm	True	0.0008244424270326435
TNBC94 extension	93	unstratified_permutation	6	0.25	macrophage_identity;hypoxia;log1p_umi	False	0.09864079013428884
TNBC94 extension	94	neighbors_k4	4	0.25	macrophage_identity;hypoxia;log1p_umi	True	0.2358871610096397
TNBC94 extension	94	neighbors_k6	6	0.25	macrophage_identity;hypoxia;log1p_umi	True	0.2527983134257472
TNBC94 extension	94	neighbors_k8	8	0.25	macrophage_identity;hypoxia;log1p_umi	True	0.24144088846807935
TNBC94 extension	94	neighbors_k12	12	0.25	macrophage_identity;hypoxia;log1p_umi	True	0.24239320631282252
TNBC94 extension	94	high_fraction_0.20	6	0.2	macrophage_identity;hypoxia;log1p_umi	True	0.27257479757926456
TNBC94 extension	94	high_fraction_0.25	6	0.25	macrophage_identity;hypoxia;log1p_umi	True	0.2527983134257472
TNBC94 extension	94	high_fraction_0.33	6	0.33	macrophage_identity;hypoxia;log1p_umi	True	0.22054610148537626
TNBC94 extension	94	residual_macrophage_depth	6	0.25	macrophage_identity;log1p_umi	True	0.23154236030395775
TNBC94 extension	94	residual_depth_only	6	0.25	log1p_umi	True	0.5790958208477023
TNBC94 extension	94	residual_plus_fibroblast	6	0.25	macrophage_identity;hypoxia;log1p_umi;fibroblast_ecm	True	0.2554711088969185
TNBC94 extension	94	unstratified_permutation	6	0.25	macrophage_identity;hypoxia;log1p_umi	False	0.2521378892187115
TNBC94 extension	95	neighbors_k4	4	0.25	macrophage_identity;hypoxia;log1p_umi	True	0.2810913703279131
TNBC94 extension	95	neighbors_k6	6	0.25	macrophage_identity;hypoxia;log1p_umi	True	0.27780300714651956
TNBC94 extension	95	neighbors_k8	8	0.25	macrophage_identity;hypoxia;log1p_umi	True	0.27616325389620566
TNBC94 extension	95	neighbors_k12	12	0.25	macrophage_identity;hypoxia;log1p_umi	True	0.271391338491709
TNBC94 extension	95	high_fraction_0.20	6	0.2	macrophage_identity;hypoxia;log1p_umi	True	0.30040962669264404
TNBC94 extension	95	high_fraction_0.25	6	0.25	macrophage_identity;hypoxia;log1p_umi	True	0.27780300714651956
TNBC94 extension	95	high_fraction_0.33	6	0.33	macrophage_identity;hypoxia;log1p_umi	True	0.25346819227431755
TNBC94 extension	95	residual_macrophage_depth	6	0.25	macrophage_identity;log1p_umi	True	0.27895464867058256
TNBC94 extension	95	residual_depth_only	6	0.25	log1p_umi	True	0.5033140032170039
TNBC94 extension	95	residual_plus_fibroblast	6	0.25	macrophage_identity;hypoxia;log1p_umi;fibroblast_ecm	True	0.14973851007766967
TNBC94 extension	95	unstratified_permutation	6	0.25	macrophage_identity;hypoxia;log1p_umi	False	0.30109924299370966
TNBC94 extension	96	neighbors_k4	4	0.25	macrophage_identity;hypoxia;log1p_umi	True	0.11418041980962998
TNBC94 extension	96	neighbors_k6	6	0.25	macrophage_identity;hypoxia;log1p_umi	True	0.10434444997757159
TNBC94 extension	96	neighbors_k8	8	0.25	macrophage_identity;hypoxia;log1p_umi	True	0.0946459126546202
TNBC94 extension	96	neighbors_k12	12	0.25	macrophage_identity;hypoxia;log1p_umi	True	0.09137926867774979
TNBC94 extension	96	high_fraction_0.20	6	0.2	macrophage_identity;hypoxia;log1p_umi	True	0.14675937718406293
TNBC94 extension	96	high_fraction_0.25	6	0.25	macrophage_identity;hypoxia;log1p_umi	True	0.10434444997757159
TNBC94 extension	96	high_fraction_0.33	6	0.33	macrophage_identity;hypoxia;log1p_umi	True	0.10152319665551482
TNBC94 extension	96	residual_macrophage_depth	6	0.25	macrophage_identity;log1p_umi	True	0.10112688109717718
TNBC94 extension	96	residual_depth_only	6	0.25	log1p_umi	True	0.20083676110744236
TNBC94 extension	96	residual_plus_fibroblast	6	0.25	macrophage_identity;hypoxia;log1p_umi;fibroblast_ecm	True	0.06867094026388154
TNBC94 extension	96	unstratified_permutation	6	0.25	macrophage_identity;hypoxia;log1p_umi	False	0.17534272248217986
